strategy,mean_predicted_probability,observed_event_fraction,n
single,0.387308160957312,0.4444444444444444,9
single,0.49366880426849846,0.41935483870967744,31
single,0.6497170098902185,0.7090301003344481,299
single,0.7837849628953716,0.7102272727272727,176
single,0.8805540237632803,0.64,25
pair,0.25183158703411695,0.5,2
pair,0.3948808697332841,0.5714285714285714,21
pair,0.5066353605753269,0.6739130434782609,46
pair,0.6399000600237346,0.67578125,256
pair,0.7831243499960472,0.7167630057803468,173
pair,0.8928639240248425,0.6904761904761905,42
