features,feature_1,feature_2,feature_3,best_c,cv_log_loss,apparent_log_loss,apparent_auc,apparent_brier,interaction_reason,min_joint_cell_count,coefficients_json
age,age,,,0.3,0.6020161401108299,0.5893149657966377,0.6397058823529411,0.19949227037077635,not_applicable,,"{""intercept"": 0.8200584046497232, ""age"": 0.4971528685051424}"
AUS_enlarged pancreas,AUS_enlarged pancreas,,,1.0,0.608275943567195,0.6004772550862588,0.5965818759936407,0.20683619416487137,not_applicable,,"{""intercept"": 0.5797185030584364, ""AUS_enlarged pancreas"": 0.9209622847594293}"
chem_hyperproteinemia,chem_hyperproteinemia,,,1.0,0.6105611851422389,0.6079225085890405,0.5472972972972973,0.2103407195152137,not_applicable,,"{""intercept"": 0.7242226775660651, ""chem_hyperproteinemia"": 1.0316551343496612}"
tli_high,tli_high,,,1.0,0.6111864046291503,0.6004772550862588,0.5965818759936407,0.20683619416487137,not_applicable,,"{""intercept"": 0.5797185030584364, ""tli_high"": 0.9209622847594295}"
chem_discordantly elevated bun,chem_discordantly elevated bun,,,1.0,0.6165555946853618,0.6129157228098914,0.5294117647058824,0.21094890391012516,not_applicable,,"{""intercept"": 0.7964883147250575, ""chem_discordantly elevated bun"": -0.9323346358093342}"
CBC_neutrophilia,CBC_neutrophilia,,,1.0,0.6168082018211549,0.6129157228098914,0.5294117647058824,0.2109489039101252,not_applicable,,"{""intercept"": 0.7964883147250579, ""CBC_neutrophilia"": -0.9323346358093341}"
chem_decreased alt,chem_decreased alt,,,1.0,0.616808201821155,0.6129157228098914,0.5294117647058824,0.2109489039101252,not_applicable,,"{""intercept"": 0.7964883147250577, ""chem_decreased alt"": -0.9323346358093341}"
clinical signs_hyporexia,clinical signs_hyporexia,,,0.3,0.6181389588821602,0.6139344168113459,0.5584260731319555,0.21207781699589281,not_applicable,,"{""intercept"": 0.7185791474590993, ""clinical signs_hyporexia"": 0.45838752789689147}"
AUS_ileus,AUS_ileus,,,1.0,0.6194309241664779,0.6145981025320105,0.5385532591414944,0.21185115431332038,not_applicable,,"{""intercept"": 0.8280483093335635, ""AUS_ileus"": -0.7092439229408427}"
AUS_splenomegaly,AUS_splenomegaly,,,1.0,0.6195199216015655,0.6168986572583098,0.5409379968203497,0.21298539589412485,not_applicable,,"{""intercept"": 0.8459375764321866, ""AUS_splenomegaly"": -0.5272824788624293}"
CBC_basophilia,CBC_basophilia,,,1.0,0.6204201667588716,0.6163010464902738,0.53060413354531,0.21263583533761815,not_applicable,,"{""intercept"": 0.8116914428036257, ""CBC_basophilia"": -0.6738169479831438}"
cobalamin_low,cobalamin_low,,,0.3,0.6208548728140334,0.6171429699154709,0.5580286168521462,0.2132779122979025,not_applicable,,"{""intercept"": 0.6787581059009357, ""cobalamin_low"": 0.32858538381445335}"
AUS_duodenum,AUS_duodenum,,,0.3,0.6210848379596431,0.618852098830221,0.5492845786963434,0.21393585826843736,not_applicable,,"{""intercept"": 0.5937042604254418, ""AUS_duodenum"": 0.2725066032012328}"
CBC_eosinophilia,CBC_eosinophilia,,,1.0,0.6212425173107565,0.6145981025320105,0.5385532591414944,0.21185115431332038,not_applicable,,"{""intercept"": 0.8280483093335635, ""CBC_eosinophilia"": -0.7092439229408425}"
clinical signs_diarrhea,clinical signs_diarrhea,,,0.3,0.6214080464766176,0.6188616430572921,0.5492845786963434,0.2139402047756761,not_applicable,,"{""intercept"": 0.8661308167781846, ""clinical signs_diarrhea"": -0.27137068632929845}"
CBC_lymphocytosis,CBC_lymphocytosis,,,1.0,0.6217822579131989,0.6206286433788265,0.5135135135135135,0.21480912549682094,not_applicable,,"{""intercept"": 0.7699589557431771, ""CBC_lymphocytosis"": 0.45500487304613557}"
chem_elevated total bilirubin,chem_elevated total bilirubin,,,1.0,0.6217822579131989,0.6206286433788264,0.5135135135135135,0.21480912549682094,not_applicable,,"{""intercept"": 0.7699589557431771, ""chem_elevated total bilirubin"": 0.4550048730461355}"
chem_hypophosphatemia,chem_hypophosphatemia,,,1.0,0.6217878377342372,0.6206286433788264,0.5135135135135135,0.2148091254968209,not_applicable,,"{""intercept"": 0.7699589557431771, ""chem_hypophosphatemia"": 0.45500487304613546}"
chem_no abnormalities,chem_no abnormalities,,,0.3,0.6220097437779075,0.619640677483675,0.5461049284578696,0.2142928470703941,not_applicable,,"{""intercept"": 0.6386839087686781, ""chem_no abnormalities"": 0.23883779306957625}"
folate_high,folate_high,,,0.3,0.6224333386627655,0.620373082962915,0.5377583465818759,0.214634336356155,not_applicable,,"{""intercept"": 0.7165309204819842, ""folate_high"": 0.21961164726062835}"
chem_elevated alt,chem_elevated alt,,,1.0,0.6228183790263128,0.6212740301952043,0.5178855325914149,0.2150357259580535,not_applicable,,"{""intercept"": 0.7533824584884048, ""chem_elevated alt"": 0.3093208704927467}"
chem_hypercalcemia,chem_hypercalcemia,,,1.0,0.6231084434175909,0.6222011282621787,0.5067567567567568,0.21542007724072118,not_applicable,,"{""intercept"": 0.7753793409591327, ""chem_hypercalcemia"": 0.26194497079571183}"
chem_elevated alp,chem_elevated alp,,,1.0,0.6231283483694448,0.6196868225834037,0.5147058823529411,0.2142096838484006,not_applicable,,"{""intercept"": 0.783173800012331, ""chem_elevated alp"": -0.5576519044403454}"
CBC_eosinopenia,CBC_eosinopenia,,,1.0,0.6231283483694449,0.6196868225834034,0.5147058823529411,0.21420968384840058,not_applicable,,"{""intercept"": 0.7831738000123308, ""CBC_eosinopenia"": -0.5576519044403453}"
chem_elevated ast,chem_elevated ast,,,0.3,0.6231299097553074,0.6225807643627134,0.5079491255961844,0.21556683416767208,not_applicable,,"{""intercept"": 0.779515510558279, ""chem_elevated ast"": -0.09841288234514756}"
clinical signs_constipation,clinical signs_constipation,,,0.3,0.6231305198044252,0.6226487513439335,0.5067567567567568,0.21560020586062154,not_applicable,,"{""intercept"": 0.7765056700687696, ""clinical signs_constipation"": 0.0885037895604181}"
CBC_basocytosis,CBC_basocytosis,,,0.1,0.6231325899121397,0.6228105676208272,0.5067567567567568,0.21566848837952846,not_applicable,,"{""intercept"": 0.7775223672383736, ""CBC_basocytosis"": 0.03067446245992284}"
chem_hypercholesterolemia,chem_hypercholesterolemia,,,0.1,0.6231325899121397,0.6228105676208272,0.5067567567567568,0.21566848837952846,not_applicable,,"{""intercept"": 0.7775223672383736, ""chem_hypercholesterolemia"": 0.030674462459922842}"
chem_hyperglycemia,chem_hyperglycemia,,,0.1,0.6231539127239205,0.6212667291964434,0.5294117647058824,0.2149864762991765,not_applicable,,"{""intercept"": 0.7802205318566243, ""chem_hyperglycemia"": -0.13135075783837696}"
AUS_no abnormalities,AUS_no abnormalities,,,0.1,0.6233861180447128,0.6228436003928126,0.5055643879173292,0.2156826222764339,not_applicable,,"{""intercept"": 0.7768758570494322, ""AUS_no abnormalities"": 0.024022555069979}"
folate_low,folate_low,,,0.1,0.6234346690410852,0.622631609136246,0.5123211446740857,0.21559208731377785,not_applicable,,"{""intercept"": 0.7752425510740867, ""folate_low"": 0.05279641139818844}"
CBC_neutropenia,CBC_neutropenia,,,0.1,0.6235604847045474,0.6228436003928128,0.5055643879173292,0.2156826222764339,not_applicable,,"{""intercept"": 0.7768758570494322, ""CBC_neutropenia"": 0.024022555069979003}"
CBC_lymphopenia,CBC_lymphopenia,,,0.1,0.6236610834060028,0.6228894249193649,0.5023847376788554,0.21570228661017718,not_applicable,,"{""intercept"": 0.7782595909119108, ""CBC_lymphopenia"": -0.009898684864410666}"
CBC_anemia,CBC_anemia,,,0.1,0.623721954236365,0.6228964446078838,0.5011923688394276,0.21570532059160918,not_applicable,,"{""intercept"": 0.7778493208343686, ""CBC_anemia"": -0.00522678262422784}"
CBC_monocytosis,CBC_monocytosis,,,0.1,0.6237438710265628,0.6224853700049349,0.5166931637519874,0.2155295790747425,not_applicable,,"{""intercept"": 0.7707437569217436, ""CBC_monocytosis"": 0.06334068510300196}"
clinical signs_none,clinical signs_none,,,0.1,0.6239359202369065,0.6228674541721181,0.5043720190779014,0.21569285332723417,not_applicable,,"{""intercept"": 0.7765520399241824, ""clinical signs_none"": 0.017856499414508155}"
clinical signs_hairball obstruction,clinical signs_hairball obstruction,,,0.1,0.6239502102070492,0.621958409904798,0.5226550079491256,0.21529386801605033,not_applicable,,"{""intercept"": 0.7805278124166167, ""clinical signs_hairball obstruction"": -0.09920914580649653}"
AUS_colon,AUS_colon,,,0.1,0.6242137810920212,0.6227496340723125,0.5099364069952306,0.2156423410079142,not_applicable,,"{""intercept"": 0.7738432932003643, ""AUS_colon"": 0.038202977447420156}"
AUS_ileum,AUS_ileum,,,0.1,0.6242503648000401,0.6228800588569071,0.5039745627980922,0.2156982623691125,not_applicable,,"{""intercept"": 0.7746102723289615, ""AUS_ileum"": 0.01302745304759701}"
AUS_gall bladder sludge,AUS_gall bladder sludge,,,0.1,0.6242935128144856,0.621754335377449,0.5290143084260731,0.21521899486483204,not_applicable,,"{""intercept"": 0.7616694432244029, ""AUS_gall bladder sludge"": 0.10360999884490056}"
chem_hypoproteinemia,chem_hypoproteinemia,,,0.1,0.6243859694840102,0.6228894249193649,0.5023847376788554,0.21570228661017718,not_applicable,,"{""intercept"": 0.7782595909119107, ""chem_hypoproteinemia"": -0.009898684864410603}"
chem_hypokalemia,chem_hypokalemia,,,0.1,0.6245051779283959,0.6228894249193649,0.5023847376788554,0.21570228661017724,not_applicable,,"{""intercept"": 0.7782595909119108, ""chem_hypokalemia"": -0.009898684864410645}"
AUS_mesenteric lymphadenopathy,AUS_mesenteric lymphadenopathy,,,0.1,0.6248929540077116,0.620209325018684,0.5508744038155803,0.2145479015653518,not_applicable,,"{""intercept"": 0.7065784870642974, ""AUS_mesenteric lymphadenopathy"": 0.15020002906591792}"
chem_azotemia,chem_azotemia,,,0.1,0.6249366054286846,0.6228309235780524,0.507154213036566,0.21567696885368848,not_applicable,,"{""intercept"": 0.7819359558313589, ""chem_azotemia"": -0.025150483268649364}"
clinical signs_vomiting,clinical signs_vomiting,,,0.1,0.6251551799989562,0.6204749616179153,0.5476947535771065,0.2146669777813829,not_applicable,,"{""intercept"": 0.8662111527475459, ""clinical signs_vomiting"": -0.14327328981532522}"
pli_abn,pli_abn,,,0.1,0.6252015032391949,0.6228493236732645,0.5059618441971383,0.2156849338187755,not_applicable,,"{""intercept"": 0.7807489421462476, ""pli_abn"": -0.021701507719980997}"
AUS_chronic degenerative renal changes,AUS_chronic degenerative renal changes,,,0.1,0.6252375242425088,0.622865387393126,0.5047694753577107,0.2156918869264967,not_applicable,,"{""intercept"": 0.7797321547744667, ""AUS_chronic degenerative renal changes"": -0.01805171793826199}"
AUS_jejunum,AUS_jejunum,,,0.1,0.625418015419456,0.6228428103564283,0.5071542130365659,0.21568221400146936,not_applicable,,"{""intercept"": 0.7923575294878434, ""AUS_jejunum"": -0.02196642544543505}"
breed_group,breed_group,,,0.1,0.6258732291920985,0.6174141590584897,0.5633942766295708,0.21326840183554352,not_applicable,,"{""intercept"": 0.6979190153021684, ""breed_group=DLH"": 0.026435595121426077, ""breed_group=DMH"": -0.1665673813583338, ""breed_group=DSH"": 0.14140518936605648, ""breed_group=other"": -0.0010251977869301598}"
procedure_clean,procedure_clean,,,0.1,0.6259012126397314,0.6153454947732283,0.5671701112877583,0.21236065801716209,not_applicable,,"{""intercept"": 0.6905761341051022, ""procedure_clean=other"": -0.16882444584419556, ""procedure_clean=upper"": 0.1688918690911225}"
clinical signs_weight loss,clinical signs_weight loss,,,0.1,0.6262480452730852,0.6204525524294909,0.5484896661367249,0.21464967439211413,not_applicable,,"{""intercept"": 0.7017918229220815, ""clinical signs_weight loss"": 0.14330039420405138}"
CBC_no abnormalities,CBC_no abnormalities,,,0.1,0.627248160231517,0.6224952048674444,0.5186804451510334,0.21553139756690137,not_applicable,,"{""intercept"": 0.7341643259363603, ""CBC_no abnormalities"": 0.05942602762974352}"
