feature,type,dtype,n,n_missing,missing_fraction,n_unique,positive_count,positive_fraction,target_table,separation_flag,levels,min_level_count,rare_level_flag
age,continuous,float64,108,0,0.0,107,,,,,,,
cobalamin_low,binary,float64,108,0,0.0,2,34.0,0.3148148148148148,"{""0"":{""0.0"":26,""1.0"":8},""1"":{""0.0"":48,""1.0"":26}}",False,,,
folate_high,binary,float64,108,0,0.0,2,31.0,0.28703703703703703,"{""0"":{""0.0"":26,""1.0"":8},""1"":{""0.0"":51,""1.0"":23}}",False,,,
folate_low,binary,float64,108,0,0.0,2,5.0,0.046296296296296294,"{""0"":{""0.0"":33,""1.0"":1},""1"":{""0.0"":70,""1.0"":4}}",False,,,
tli_high,binary,float64,108,0,0.0,2,27.0,0.25,"{""0"":{""0.0"":30,""1.0"":4},""1"":{""0.0"":51,""1.0"":23}}",False,,,
pli_abn,binary,float64,108,0,0.0,2,15.0,0.1388888888888889,"{""0"":{""0.0"":29,""1.0"":5},""1"":{""0.0"":64,""1.0"":10}}",False,,,
breed_group,categorical,str,108,0,0.0,4,,,,,"{""DSH"": 71, ""other"": 18, ""DLH"": 10, ""DMH"": 9}",9.0,False
procedure_clean,categorical,str,108,0,0.0,2,,,,,"{""upper"": 83, ""other"": 25}",25.0,False
clinical signs_none,binary,int64,108,0,0.0,2,7.0,0.06481481481481481,"{""0"":{""0"":32,""1"":2},""1"":{""0"":69,""1"":5}}",False,,,
clinical signs_vomiting,binary,int64,108,0,0.0,2,66.0,0.6111111111111112,"{""0"":{""0"":11,""1"":23},""1"":{""0"":31,""1"":43}}",False,,,
clinical signs_diarrhea,binary,int64,108,0,0.0,2,34.0,0.3148148148148148,"{""0"":{""0"":21,""1"":13},""1"":{""0"":53,""1"":21}}",False,,,
clinical signs_hyporexia,binary,int64,108,0,0.0,2,15.0,0.1388888888888889,"{""0"":{""0"":32,""1"":2},""1"":{""0"":61,""1"":13}}",False,,,
clinical signs_weight loss,binary,int64,108,0,0.0,2,58.0,0.5370370370370371,"{""0"":{""0"":18,""1"":16},""1"":{""0"":32,""1"":42}}",False,,,
clinical signs_hairball obstruction,binary,int64,108,0,0.0,2,3.0,0.027777777777777776,"{""0"":{""0"":32,""1"":2},""1"":{""0"":73,""1"":1}}",False,,,
clinical signs_constipation,binary,int64,108,0,0.0,2,1.0,0.009259259259259259,"{""0"":{""0"":34,""1"":0},""1"":{""0"":73,""1"":1}}",True,,,
AUS_no abnormalities,binary,int64,108,0,0.0,2,4.0,0.037037037037037035,"{""0"":{""0"":33,""1"":1},""1"":{""0"":71,""1"":3}}",False,,,
AUS_duodenum,binary,int64,108,0,0.0,2,74.0,0.6851851851851852,"{""0"":{""0"":13,""1"":21},""1"":{""0"":21,""1"":53}}",False,,,
AUS_jejunum,binary,int64,108,0,0.0,2,72.0,0.6666666666666666,"{""0"":{""0"":11,""1"":23},""1"":{""0"":25,""1"":49}}",False,,,
AUS_ileum,binary,int64,108,0,0.0,2,26.0,0.24074074074074073,"{""0"":{""0"":26,""1"":8},""1"":{""0"":56,""1"":18}}",False,,,
AUS_colon,binary,int64,108,0,0.0,2,11.0,0.10185185185185185,"{""0"":{""0"":31,""1"":3},""1"":{""0"":66,""1"":8}}",False,,,
AUS_mesenteric lymphadenopathy,binary,int64,108,0,0.0,2,52.0,0.48148148148148145,"{""0"":{""0"":20,""1"":14},""1"":{""0"":36,""1"":38}}",False,,,
AUS_chronic degenerative renal changes,binary,int64,108,0,0.0,2,12.0,0.1111111111111111,"{""0"":{""0"":30,""1"":4},""1"":{""0"":66,""1"":8}}",False,,,
AUS_enlarged pancreas,binary,int64,108,0,0.0,2,27.0,0.25,"{""0"":{""0"":30,""1"":4},""1"":{""0"":51,""1"":23}}",False,,,
AUS_splenomegaly,binary,int64,108,0,0.0,2,13.0,0.12037037037037036,"{""0"":{""0"":28,""1"":6},""1"":{""0"":67,""1"":7}}",False,,,
AUS_ileus,binary,int64,108,0,0.0,2,7.0,0.06481481481481481,"{""0"":{""0"":30,""1"":4},""1"":{""0"":71,""1"":3}}",False,,,
AUS_gall bladder sludge,binary,int64,108,0,0.0,2,17.0,0.1574074074074074,"{""0"":{""0"":30,""1"":4},""1"":{""0"":61,""1"":13}}",False,,,
CBC_no abnormalities,binary,int64,108,0,0.0,2,79.0,0.7314814814814815,"{""0"":{""0"":10,""1"":24},""1"":{""0"":19,""1"":55}}",False,,,
CBC_neutrophilia,binary,int64,108,0,0.0,2,2.0,0.018518518518518517,"{""0"":{""0"":32,""1"":2},""1"":{""0"":74,""1"":0}}",True,,,
CBC_neutropenia,binary,int64,108,0,0.0,2,4.0,0.037037037037037035,"{""0"":{""0"":33,""1"":1},""1"":{""0"":71,""1"":3}}",False,,,
CBC_eosinophilia,binary,int64,108,0,0.0,2,7.0,0.06481481481481481,"{""0"":{""0"":30,""1"":4},""1"":{""0"":71,""1"":3}}",False,,,
CBC_eosinopenia,binary,int64,108,0,0.0,2,1.0,0.009259259259259259,"{""0"":{""0"":33,""1"":1},""1"":{""0"":74,""1"":0}}",True,,,
CBC_basophilia,binary,int64,108,0,0.0,2,5.0,0.046296296296296294,"{""0"":{""0"":31,""1"":3},""1"":{""0"":72,""1"":2}}",False,,,
CBC_basocytosis,binary,int64,108,0,0.0,2,1.0,0.009259259259259259,"{""0"":{""0"":34,""1"":0},""1"":{""0"":73,""1"":1}}",True,,,
CBC_lymphocytosis,binary,int64,108,0,0.0,2,2.0,0.018518518518518517,"{""0"":{""0"":34,""1"":0},""1"":{""0"":72,""1"":2}}",True,,,
CBC_lymphopenia,binary,int64,108,0,0.0,2,6.0,0.05555555555555555,"{""0"":{""0"":32,""1"":2},""1"":{""0"":70,""1"":4}}",False,,,
CBC_monocytosis,binary,int64,108,0,0.0,2,12.0,0.1111111111111111,"{""0"":{""0"":31,""1"":3},""1"":{""0"":65,""1"":9}}",False,,,
CBC_anemia,binary,int64,108,0,0.0,2,3.0,0.027777777777777776,"{""0"":{""0"":33,""1"":1},""1"":{""0"":72,""1"":2}}",False,,,
chem_no abnormalities,binary,int64,108,0,0.0,2,64.0,0.5925925925925926,"{""0"":{""0"":16,""1"":18},""1"":{""0"":28,""1"":46}}",False,,,
chem_hypoproteinemia,binary,int64,108,0,0.0,2,6.0,0.05555555555555555,"{""0"":{""0"":32,""1"":2},""1"":{""0"":70,""1"":4}}",False,,,
chem_hyperproteinemia,binary,int64,108,0,0.0,2,7.0,0.06481481481481481,"{""0"":{""0"":34,""1"":0},""1"":{""0"":67,""1"":7}}",True,,,
chem_decreased alt,binary,int64,108,0,0.0,2,2.0,0.018518518518518517,"{""0"":{""0"":32,""1"":2},""1"":{""0"":74,""1"":0}}",True,,,
chem_elevated alt,binary,int64,108,0,0.0,2,9.0,0.08333333333333333,"{""0"":{""0"":32,""1"":2},""1"":{""0"":67,""1"":7}}",False,,,
chem_elevated ast,binary,int64,108,0,0.0,2,2.0,0.018518518518518517,"{""0"":{""0"":33,""1"":1},""1"":{""0"":73,""1"":1}}",False,,,
chem_elevated alp,binary,int64,108,0,0.0,2,1.0,0.009259259259259259,"{""0"":{""0"":33,""1"":1},""1"":{""0"":74,""1"":0}}",True,,,
chem_elevated total bilirubin,binary,int64,108,0,0.0,2,2.0,0.018518518518518517,"{""0"":{""0"":34,""1"":0},""1"":{""0"":72,""1"":2}}",True,,,
chem_azotemia,binary,int64,108,0,0.0,2,18.0,0.16666666666666666,"{""0"":{""0"":28,""1"":6},""1"":{""0"":62,""1"":12}}",False,,,
chem_discordantly elevated bun,binary,int64,108,0,0.0,2,2.0,0.018518518518518517,"{""0"":{""0"":32,""1"":2},""1"":{""0"":74,""1"":0}}",True,,,
chem_hyperglycemia,binary,int64,108,0,0.0,2,2.0,0.018518518518518517,"{""0"":{""0"":32,""1"":2},""1"":{""0"":74,""1"":0}}",True,,,
chem_hypercholesterolemia,binary,int64,108,0,0.0,2,1.0,0.009259259259259259,"{""0"":{""0"":34,""1"":0},""1"":{""0"":73,""1"":1}}",True,,,
chem_hypercalcemia,binary,int64,108,0,0.0,2,1.0,0.009259259259259259,"{""0"":{""0"":34,""1"":0},""1"":{""0"":73,""1"":1}}",True,,,
chem_hypokalemia,binary,int64,108,0,0.0,2,6.0,0.05555555555555555,"{""0"":{""0"":32,""1"":2},""1"":{""0"":70,""1"":4}}",False,,,
chem_hypophosphatemia,binary,int64,108,0,0.0,2,2.0,0.018518518518518517,"{""0"":{""0"":34,""1"":0},""1"":{""0"":72,""1"":2}}",True,,,
