repeat,outer_fold,strategy,selected_features,selected_c,inner_log_loss,interaction_reason,min_joint_cell_count,log_loss,roc_auc,brier,sensitivity,specificity,ppv,npv,threshold,n,tp,tn,fp,fn
1,1,single,AUS_enlarged pancreas,1.0,0.6081811698167418,not_applicable,,0.6044446671903497,0.6238095238095237,0.20815515851703878,1.0,0.0,0.6818181818181818,,0.5,22,15,0,7,0
1,1,pair,AUS_enlarged pancreas | chem_hyperproteinemia,1.0,0.5973115463336132,omitted_sparse_joint_cells,2.0,0.5912192811472737,0.6476190476190476,0.20291395867118237,1.0,0.0,0.6818181818181818,,0.5,22,15,0,7,0
1,2,single,age,0.3,0.5976828885715115,not_applicable,,0.5882396649760642,0.6571428571428571,0.19982882157133117,0.9333333333333333,0.2857142857142857,0.7368421052631579,0.6666666666666666,0.5,22,14,2,5,1
1,2,pair,age | chem_azotemia,1.0,0.5829717253942497,omitted_non_binary_or_categorical_pair,,0.6593197945690795,0.5523809523809524,0.2296277441482789,0.8666666666666667,0.42857142857142855,0.7647058823529411,0.6,0.5,22,13,3,4,2
1,3,single,age,0.3,0.5984149622605036,not_applicable,,0.5914335517317062,0.6285714285714286,0.20113819895473276,0.9333333333333333,0.14285714285714285,0.7,0.5,0.5,22,14,1,6,1
1,3,pair,age | AUS_mesenteric lymphadenopathy,1.0,0.5832979205339787,omitted_non_binary_or_categorical_pair,,0.662956442767258,0.5333333333333333,0.22817535654021412,1.0,0.0,0.6818181818181818,,0.5,22,15,0,7,0
1,4,single,age,0.3,0.5760025661644348,not_applicable,,0.6774986318345184,0.5510204081632653,0.2325512409834046,0.9285714285714286,0.14285714285714285,0.6842105263157895,0.5,0.5,21,13,1,6,1
1,4,pair,age | AUS_enlarged pancreas,1.0,0.5630379055672234,omitted_non_binary_or_categorical_pair,,0.669198039770899,0.6530612244897959,0.22063087743788223,0.9285714285714286,0.14285714285714285,0.6842105263157895,0.5,0.5,21,13,1,6,1
1,5,single,age,1.0,0.589315413381724,not_applicable,,0.6008410706501435,0.5555555555555556,0.20450343781568348,0.8666666666666667,0.3333333333333333,0.7647058823529411,0.5,0.5,21,13,2,4,2
1,5,pair,age | AUS_splenomegaly,1.0,0.5720976015379141,omitted_non_binary_or_categorical_pair,,0.6590542723671214,0.5,0.23254085808759156,0.6666666666666666,0.3333333333333333,0.7142857142857143,0.2857142857142857,0.5,21,10,2,4,5
2,1,single,age,1.0,0.5898692193901006,not_applicable,,0.6094159455030446,0.6,0.21082924328013214,0.9333333333333333,0.14285714285714285,0.7,0.5,0.5,22,14,1,6,1
2,1,pair,age | CBC_neutrophilia,1.0,0.5809372676129501,omitted_non_binary_or_categorical_pair,,0.6094359391063993,0.6,0.21080475446995112,0.9333333333333333,0.14285714285714285,0.7,0.5,0.5,22,14,1,6,1
2,2,single,tli_high,1.0,0.6069800109053661,not_applicable,,0.5909811352306257,0.6333333333333333,0.20321469896803468,1.0,0.0,0.6818181818181818,,0.5,22,15,0,7,0
2,2,pair,tli_high | chem_hyperproteinemia,1.0,0.5954473217239091,omitted_sparse_joint_cells,2.0,0.5806388076014571,0.6666666666666666,0.19889447060424378,1.0,0.0,0.6818181818181818,,0.5,22,15,0,7,0
2,3,single,AUS_enlarged pancreas,1.0,0.6014376555168698,not_applicable,,0.6158264996946475,0.561904761904762,0.21297135418137209,1.0,0.0,0.6818181818181818,,0.5,22,15,0,7,0
2,3,pair,AUS_enlarged pancreas | chem_hyperproteinemia,1.0,0.5920860262275726,omitted_sparse_joint_cells,1.0,0.5998822103477243,0.5952380952380952,0.20744473131062977,1.0,0.0,0.6818181818181818,,0.5,22,15,0,7,0
2,4,single,tli_high,1.0,0.5846842972832492,not_applicable,,0.7148323119750278,0.4642857142857143,0.24675358079508208,1.0,0.0,0.6666666666666666,,0.5,21,14,0,7,0
2,4,pair,tli_high | chem_hyperproteinemia,1.0,0.5713078413461287,omitted_sparse_joint_cells,2.0,0.7106529578671464,0.4642857142857143,0.24638888902396436,1.0,0.0,0.6666666666666666,,0.5,21,14,0,7,0
2,5,single,AUS_enlarged pancreas,1.0,0.6072865661231759,not_applicable,,0.6123842273130683,0.5166666666666667,0.21006318211557365,1.0,0.0,0.7142857142857143,,0.5,21,15,0,6,0
2,5,pair,AUS_enlarged pancreas | CBC_neutrophilia,1.0,0.5973931655343606,omitted_sparse_joint_cells,1.0,0.6119601852113005,0.5166666666666667,0.20972930771253734,1.0,0.0,0.7142857142857143,,0.5,21,15,0,6,0
3,1,single,clinical signs_hyporexia,1.0,0.5919375739898498,not_applicable,,0.694740796101395,0.4238095238095238,0.23906235240009208,1.0,0.0,0.6818181818181818,,0.5,22,15,0,7,0
3,1,pair,tli_high | clinical signs_hyporexia,1.0,0.5617554792629976,omitted_sparse_joint_cells,2.0,0.7038785868523414,0.419047619047619,0.24670782888657392,1.0,0.0,0.6818181818181818,,0.5,22,15,0,7,0
3,2,single,age,0.3,0.6015410816929815,not_applicable,,0.60333131927461,0.6285714285714286,0.20048295414202394,1.0,0.2857142857142857,0.75,1.0,0.5,22,15,2,5,0
3,2,pair,age | chem_hyperproteinemia,1.0,0.5912043193119683,omitted_non_binary_or_categorical_pair,,0.5964637977571458,0.6380952380952382,0.19729183865690506,1.0,0.2857142857142857,0.75,1.0,0.5,22,15,2,5,0
3,3,single,AUS_enlarged pancreas,1.0,0.5906401755130455,not_applicable,,0.6578597316240647,0.49047619047619045,0.2280078997062929,1.0,0.0,0.6818181818181818,,0.5,22,15,0,7,0
3,3,pair,AUS_enlarged pancreas | chem_hyperproteinemia,1.0,0.5806302958974551,omitted_sparse_joint_cells,2.0,0.6453669528837312,0.5142857142857142,0.22347813494399096,1.0,0.0,0.6818181818181818,,0.5,22,15,0,7,0
3,4,single,age,0.3,0.5756490071686048,not_applicable,,0.7337409468329987,0.3724489795918367,0.2646144792290657,0.9285714285714286,0.0,0.65,0.0,0.5,21,13,0,7,1
3,4,pair,age | AUS_enlarged pancreas,1.0,0.5645729624214365,omitted_non_binary_or_categorical_pair,,0.7444737978340027,0.37244897959183676,0.26688561029843383,0.9285714285714286,0.0,0.65,0.0,0.5,21,13,0,7,1
3,5,single,tli_high,1.0,0.5886437909935357,not_applicable,,0.6823554579960901,0.4,0.23569750929892908,1.0,0.0,0.7142857142857143,,0.5,21,15,0,6,0
3,5,pair,tli_high | chem_no abnormalities,1.0,0.5654107047971783,included_binary_binary,9.0,0.7447989221567228,0.37777777777777777,0.2605981263893002,0.4666666666666667,0.3333333333333333,0.6363636363636364,0.2,0.5,21,7,2,4,8
4,1,single,AUS_enlarged pancreas,1.0,0.6063059273219248,not_applicable,,0.5954738824772382,0.6285714285714286,0.20497640428278655,1.0,0.0,0.6818181818181818,,0.5,22,15,0,7,0
4,1,pair,clinical signs_diarrhea | clinical signs_weight loss,1.0,0.5836930022787561,included_binary_binary,12.0,0.6953265159753508,0.4619047619047618,0.25000992992238724,0.8,0.0,0.631578947368421,0.0,0.5,22,12,0,7,3
4,2,single,age,0.3,0.5909599020804845,not_applicable,,0.6072277247587214,0.6000000000000001,0.2023855017572704,0.9333333333333333,0.42857142857142855,0.7777777777777778,0.75,0.5,22,14,3,4,1
4,2,pair,age | AUS_enlarged pancreas,1.0,0.5757175471888587,omitted_non_binary_or_categorical_pair,,0.6232882380420156,0.6476190476190475,0.2029835877083663,0.9333333333333333,0.2857142857142857,0.7368421052631579,0.6666666666666666,0.5,22,14,2,5,1
4,3,single,chem_hyperproteinemia,1.0,0.6102533032340032,not_applicable,,0.6155123420005973,0.5333333333333333,0.21330823949633182,1.0,0.0,0.6818181818181818,,0.5,22,15,0,7,0
4,3,pair,clinical signs_hyporexia | chem_hyperproteinemia,1.0,0.6000090405616666,omitted_sparse_joint_cells,1.0,0.6208144730589695,0.5333333333333334,0.21574859407593425,1.0,0.0,0.6818181818181818,,0.5,22,15,0,7,0
4,4,single,age,0.3,0.5909270940841651,not_applicable,,0.6306926621828799,0.6326530612244898,0.22020403188749701,0.9285714285714286,0.0,0.65,0.0,0.5,21,13,0,7,1
4,4,pair,tli_high | clinical signs_hyporexia,1.0,0.5765262769042186,omitted_sparse_joint_cells,3.0,0.6625308102827363,0.47959183673469385,0.23180943179970007,1.0,0.0,0.6666666666666666,,0.5,21,14,0,7,0
4,5,single,age,0.3,0.6118164486537446,not_applicable,,0.5486201742109322,0.6888888888888889,0.1808119471509523,1.0,0.16666666666666666,0.75,1.0,0.5,21,15,1,5,0
4,5,pair,age | clinical signs_hyporexia,1.0,0.6010988856885028,omitted_non_binary_or_categorical_pair,,0.54067828139654,0.7111111111111111,0.1775521205110535,1.0,0.16666666666666666,0.75,1.0,0.5,21,15,1,5,0
5,1,single,chem_elevated alt,1.0,0.6103497184788044,not_applicable,,0.6814083577387985,0.3904761904761905,0.2364604253624987,1.0,0.0,0.6818181818181818,,0.5,22,15,0,7,0
5,1,pair,tli_high | chem_no abnormalities,1.0,0.5940981871963962,included_binary_binary,9.0,0.6675822793634084,0.5190476190476191,0.22830750379748246,1.0,0.0,0.6818181818181818,,0.5,22,15,0,7,0
5,2,single,age,1.0,0.5884884420328625,not_applicable,,0.6044284104111042,0.5619047619047619,0.20710618689934393,1.0,0.14285714285714285,0.7142857142857143,1.0,0.5,22,15,1,6,0
5,2,pair,age | AUS_splenomegaly,1.0,0.5744528532078547,omitted_non_binary_or_categorical_pair,,0.6737455690459624,0.4666666666666667,0.2399189933505399,0.8,0.14285714285714285,0.6666666666666666,0.25,0.5,22,12,1,6,3
5,3,single,age,1.0,0.5890482650120165,not_applicable,,0.6058684235470586,0.5285714285714286,0.20618190115109833,1.0,0.2857142857142857,0.75,1.0,0.5,22,15,2,5,0
5,3,pair,age | AUS_splenomegaly,1.0,0.5766110994810704,omitted_non_binary_or_categorical_pair,,0.6183753150400335,0.5333333333333333,0.21272763058011962,0.9333333333333333,0.2857142857142857,0.7368421052631579,0.6666666666666666,0.5,22,14,2,5,1
5,4,single,AUS_enlarged pancreas,1.0,0.5980139191544745,not_applicable,,0.6363092998251981,0.5357142857142857,0.22174410550474707,1.0,0.0,0.6666666666666666,,0.5,21,14,0,7,0
5,4,pair,clinical signs_hyporexia | AUS_enlarged pancreas,1.0,0.5848917430253688,omitted_sparse_joint_cells,4.0,0.6369235835562792,0.5357142857142857,0.22228477102880598,1.0,0.0,0.6666666666666666,,0.5,21,14,0,7,0
5,5,single,age,1.0,0.5705382290760984,not_applicable,,0.7183100226846859,0.4666666666666667,0.24577484476206285,0.8,0.16666666666666666,0.7058823529411765,0.25,0.5,21,12,1,5,3
5,5,pair,age | AUS_enlarged pancreas,1.0,0.55144320024494,omitted_non_binary_or_categorical_pair,,0.7305382718574837,0.5111111111111112,0.24386911303346973,0.7333333333333333,0.3333333333333333,0.7333333333333333,0.3333333333333333,0.5,21,11,2,4,4
