repeat,outer_fold,strategy,selected_features,selected_c,coefficients_json
1,1,single,AUS_enlarged pancreas,1.0,"{""intercept"": 0.6248450048714425, ""AUS_enlarged pancreas"": 0.9395531775954317}"
1,1,pair,AUS_enlarged pancreas | chem_hyperproteinemia,1.0,"{""intercept"": 0.578638916334287, ""AUS_enlarged pancreas"": 0.9156119362044965, ""chem_hyperproteinemia"": 0.9057525103329155}"
1,2,single,age,0.3,"{""intercept"": 0.8200573124146071, ""age"": 0.47321209355650484}"
1,2,pair,age | chem_azotemia,1.0,"{""intercept"": 1.0262491878946365, ""age"": 0.7060299378153736, ""chem_azotemia"": -1.0856062065060643}"
1,3,single,age,0.3,"{""intercept"": 0.8212812393792465, ""age"": 0.48047128290484376}"
1,3,pair,age | AUS_mesenteric lymphadenopathy,1.0,"{""intercept"": 0.46894636793344735, ""age"": 0.5722757961042019, ""AUS_mesenteric lymphadenopathy"": 0.8642744809864152}"
1,4,single,age,0.3,"{""intercept"": 0.8601968480518156, ""age"": 0.6034604964281608}"
1,4,pair,age | AUS_enlarged pancreas,1.0,"{""intercept"": 0.7060871623325171, ""age"": 0.6351940896560079, ""AUS_enlarged pancreas"": 0.7598540235651625}"
1,5,single,age,1.0,"{""intercept"": 0.8029245278270147, ""age"": 0.6014852659601406}"
1,5,pair,age | AUS_splenomegaly,1.0,"{""intercept"": 0.9279137182219784, ""age"": 0.6184946422447652, ""AUS_splenomegaly"": -0.9941213859150756}"
2,1,single,age,1.0,"{""intercept"": 0.837393887989829, ""age"": 0.5801240040420036}"
2,1,pair,age | CBC_neutrophilia,1.0,"{""intercept"": 0.8596602295032515, ""age"": 0.581861701158518, ""CBC_neutrophilia"": -1.0338893700093645}"
2,2,single,tli_high,1.0,"{""intercept"": 0.6045623032447351, ""tli_high"": 0.7431472706591072}"
2,2,pair,tli_high | chem_hyperproteinemia,1.0,"{""intercept"": 0.5541338487796322, ""tli_high"": 0.7345638872997698, ""chem_hyperproteinemia"": 0.9335948877851395}"
2,3,single,AUS_enlarged pancreas,1.0,"{""intercept"": 0.5744784439258671, ""AUS_enlarged pancreas"": 0.9458833886620394}"
2,3,pair,AUS_enlarged pancreas | chem_hyperproteinemia,1.0,"{""intercept"": 0.5281685252196351, ""AUS_enlarged pancreas"": 0.9587095283852599, ""chem_hyperproteinemia"": 0.8756294975770231}"
2,4,single,tli_high,1.0,"{""intercept"": 0.5663258235530276, ""tli_high"": 1.3776032402023444}"
2,4,pair,tli_high | chem_hyperproteinemia,1.0,"{""intercept"": 0.5038316240551268, ""tli_high"": 1.370015164168647, ""chem_hyperproteinemia"": 1.0093171905307416}"
2,5,single,AUS_enlarged pancreas,1.0,"{""intercept"": 0.5131927109727438, ""AUS_enlarged pancreas"": 1.034186590775739}"
2,5,pair,AUS_enlarged pancreas | CBC_neutrophilia,1.0,"{""intercept"": 0.5316243245981113, ""AUS_enlarged pancreas"": 1.0656536180078586, ""CBC_neutrophilia"": -1.0217606583837364}"
3,1,single,clinical signs_hyporexia,1.0,"{""intercept"": 0.653700598579049, ""clinical signs_hyporexia"": 1.3264874265125157}"
3,1,pair,tli_high | clinical signs_hyporexia,1.0,"{""intercept"": 0.4011406705188415, ""tli_high"": 1.060748408454068, ""clinical signs_hyporexia"": 1.392609645204379}"
3,2,single,age,0.3,"{""intercept"": 0.8247099977474004, ""age"": 0.5031745559090138}"
3,2,pair,age | chem_hyperproteinemia,1.0,"{""intercept"": 0.7895717266782725, ""age"": 0.5572019034500965, ""chem_hyperproteinemia"": 0.8741873618910375}"
3,3,single,AUS_enlarged pancreas,1.0,"{""intercept"": 0.5472874522019272, ""AUS_enlarged pancreas"": 1.176719010685823}"
3,3,pair,AUS_enlarged pancreas | chem_hyperproteinemia,1.0,"{""intercept"": 0.49806002573357017, ""AUS_enlarged pancreas"": 1.1662108199241137, ""chem_hyperproteinemia"": 0.9206214898571082}"
3,4,single,age,0.3,"{""intercept"": 0.8765587957811733, ""age"": 0.6801737255040544}"
3,4,pair,age | AUS_enlarged pancreas,1.0,"{""intercept"": 0.6947879066802091, ""age"": 0.7204343364466214, ""AUS_enlarged pancreas"": 0.8447792787321043}"
3,5,single,tli_high,1.0,"{""intercept"": 0.46546712283339864, ""tli_high"": 1.3151679625926256}"
3,5,pair,tli_high | chem_no abnormalities,1.0,"{""intercept"": -0.0030956473384538313, ""tli_high"": 1.3888242492591618, ""chem_no abnormalities"": 0.6862974166910181, ""interaction__tli_high__x__chem_no abnormalities"": 0.5882828103250236}"
4,1,single,AUS_enlarged pancreas,1.0,"{""intercept"": 0.6141622451739677, ""AUS_enlarged pancreas"": 0.8268701962443921}"
4,1,pair,clinical signs_diarrhea | clinical signs_weight loss,1.0,"{""intercept"": 0.9448819199511165, ""clinical signs_diarrhea"": -1.1684419856088408, ""clinical signs_weight loss"": 0.04193357792469334, ""interaction__clinical signs_diarrhea__x__clinical signs_weight loss"": 1.164996965671377}"
4,2,single,age,0.3,"{""intercept"": 0.8244368212932148, ""age"": 0.5097686860900048}"
4,2,pair,age | AUS_enlarged pancreas,1.0,"{""intercept"": 0.641357774247147, ""age"": 0.5195311039624246, ""AUS_enlarged pancreas"": 0.9890523016333234}"
4,3,single,chem_hyperproteinemia,1.0,"{""intercept"": 0.727711671388669, ""chem_hyperproteinemia"": 0.9472348705403234}"
4,3,pair,clinical signs_hyporexia | chem_hyperproteinemia,1.0,"{""intercept"": 0.6341608037353729, ""clinical signs_hyporexia"": 0.8810868115194845, ""chem_hyperproteinemia"": 0.9386173742668512}"
4,4,single,age,0.3,"{""intercept"": 0.848566668352066, ""age"": 0.5319977685293966}"
4,4,pair,tli_high | clinical signs_hyporexia,1.0,"{""intercept"": 0.4415392878889718, ""tli_high"": 0.9639050496016391, ""clinical signs_hyporexia"": 1.1236420815983097}"
4,5,single,age,0.3,"{""intercept"": 0.7764758954934038, ""age"": 0.43206025648660773}"
4,5,pair,age | clinical signs_hyporexia,1.0,"{""intercept"": 0.683147406134495, ""age"": 0.47572050228994917, ""clinical signs_hyporexia"": 0.7190595481337236}"
5,1,single,chem_elevated alt,1.0,"{""intercept"": 0.7277116713886692, ""chem_elevated alt"": 0.9472348705403235}"
5,1,pair,tli_high | chem_no abnormalities,1.0,"{""intercept"": 0.23993151480282668, ""tli_high"": 1.0547266702071527, ""chem_no abnormalities"": 0.5077272003576226, ""interaction__tli_high__x__chem_no abnormalities"": 0.6888767168672628}"
5,2,single,age,1.0,"{""intercept"": 0.835504770137283, ""age"": 0.5667851804941519}"
5,2,pair,age | AUS_splenomegaly,1.0,"{""intercept"": 0.951926942506069, ""age"": 0.6048532263306218, ""AUS_splenomegaly"": -1.1082541945066493}"
5,3,single,age,1.0,"{""intercept"": 0.8385478924898695, ""age"": 0.5761202379072652}"
5,3,pair,age | AUS_splenomegaly,1.0,"{""intercept"": 0.9230729341996429, ""age"": 0.5704777477649591, ""AUS_splenomegaly"": -0.7531321107151631}"
5,4,single,AUS_enlarged pancreas,1.0,"{""intercept"": 0.5771437966644736, ""AUS_enlarged pancreas"": 0.9851621868719693}"
5,4,pair,clinical signs_hyporexia | AUS_enlarged pancreas,1.0,"{""intercept"": 0.4547081352848165, ""clinical signs_hyporexia"": 0.8054416522538671, ""AUS_enlarged pancreas"": 0.9958809940993005}"
5,5,single,age,1.0,"{""intercept"": 0.8281499954789737, ""age"": 0.7611434706178962}"
5,5,pair,age | AUS_enlarged pancreas,1.0,"{""intercept"": 0.6225266942516379, ""age"": 0.7381457527374996, ""AUS_enlarged pancreas"": 0.9108268823360767}"
