feature,display_name,source_modality,data_type,eligible,inclusion_exclusion_reason,n_rows,n_missing,missing_fraction,n_unique_nonmissing,prevalence_or_counts,mean,median,min,max,positive_count_nonmissing,positive_fraction_nonmissing
Name,Name,other,excluded,False,excluded_id,108,0,0.0,108,"{""Jackson Barry"": 1, ""Bisco DeBiaso"": 1, ""Joey Singer"": 1, ""Buddy Salzano"": 1, ""Quincy Rehean"": 1, ""Ian Comarow"": 1, ""Willie Raymond"": 1, ""Shrimpy Golenda"": 1, ""Elliot Grail"": 1, ""Cole Williams"": 1, ""Jilly Noyes"": 1, ""Breda Lang"": 1, ""Teddy Williams"": 1, ""Goblin Foote"": 1, ""Marilyn Sipos"": 1, ""Mia Sasek"": 1, ""Katie Hanson"": 1, ""Missy Tranior"": 1, ""John Watson De Bernardis"": 1, ""Stella Rahman"": 1, ""Luna Luizaga"": 1, ""Mittens Bedell"": 1, ""Sylvie Comarow"": 1, ""Thumper White"": 1, ""Watson Johnson"": 1, ""Pearlie Burkett"": 1, ""Luna Aya"": 1, ""Frank Flickinger"": 1, ""Kahlua Beckham"": 1, ""Benson Chavez"": 1, ""Emily Riley"": 1, ""Stella Kuray"": 1, ""Sammy Wyland"": 1, ""Rubio Vera"": 1, ""Mango Haden"": 1, ""Mia Walling"": 1, ""Panther Stefan"": 1, ""Fred Turner-Au"": 1, ""Nami Tam"": 1, ""Chavie Hong"": 1, ""Chairman Meow Messer"": 1, ""Baloo Bullock"": 1, ""Coco Miscavage"": 1, ""Tyga Pignatello"": 1, ""Cody Batleman"": 1, ""Spooky Kahn"": 1, ""Wendy Quinn Ward"": 1, ""Luna Weiner"": 1, ""Oreo Wenig"": 1, ""Sully Kuray"": 1, ""Iggy Horton"": 1, ""Lilly Mustillo"": 1, ""Bear Townsend"": 1, ""Iris Stall"": 1, ""Sophie Davis"": 1, ""Lennie Currier"": 1, ""Harley Kuijt"": 1, ""Roxy McCrystal"": 1, ""Kaylee Kuijt"": 1, ""Lafayette Pledgie"": 1, ""Nabi Strausbagh"": 1, ""Joey Lyall"": 1, ""Clementine Wu"": 1, ""Zokni Eremenco"": 1, ""Vinny Andrews"": 1, ""Morty Frame"": 1, ""Sebastian Summers"": 1, ""Sammy Saal"": 1, ""Madeline Wang"": 1, ""Spooky Jackson"": 1, ""Dvorak Crosby"": 1, ""Bernice Morris"": 1, ""Jada Hegnauer"": 1, ""Consome de Pollo Gutierrez"": 1, ""Fry Guiel"": 1, ""No Name Murangi"": 1, ""Claire Flickinger"": 1, ""Dixon Brown"": 1, ""Hannah Sykes"": 1, ""Thor Boffman"": 1, ""Hooper Fox"": 1, ""Smeagol Ravin"": 1, ""Widdle Sipos"": 1, ""Khush Stefan"": 1, ""Luna Jackson"": 1, ""Toby Hudiburgh"": 1, ""Jinx Foster"": 1, ""Coquito Perez"": 1, ""Shadow Yantz"": 1, ""Penny Perez"": 1, ""Lucia Drerup"": 1, ""Phineas Lowenstein"": 1, ""Teddy Camp"": 1, ""Ciri Joyner"": 1, ""Zuko Hays"": 1, ""Teddy Kalomiris"": 1, ""Redford Theurer"": 1, ""Brody Fox"": 1, ""Midnight Chilton"": 1, ""Lucy DeWeese"": 1, ""Cookie Morris"": 1, ""Lionel Ellis"": 1, ""Stewie Sims"": 1, ""Gatsby Forlines"": 1, ""Midnight Braham"": 1, ""Gus Poon"": 1, ""Eleanor Liedtke"": 1, ""Maxwell's Equations De Bernardids"": 1}",,,,,,
procedure date,procedure_date,other,excluded,False,excluded_date,108,0,0.0,87,"{""8/13/2024"": 3, ""6/6/2023"": 2, ""10/31/2023"": 2, ""11/28/2023"": 2, ""2/13/2024"": 2, ""2/20/2024"": 2, ""4/2/2024"": 2, ""4/9/2024"": 2, ""6/7/2024"": 2, ""7/2/2024"": 2, ""7/30/2024"": 2, ""9/10/2024"": 2, ""9/17/2024"": 2, ""10/15/2024"": 2, ""11/12/2024"": 2, ""1/14/2025"": 2, ""2/25/2025"": 2, ""3/11/2025"": 2, ""12/30/2025"": 2, ""1/6/2026"": 2, ""11/1/2022"": 1, ""12/6/2022"": 1, ""2/28/2023"": 1, ""3/15/2023"": 1, ""4/4/2023"": 1, ""4/12/2023"": 1, ""7/5/2023"": 1, ""7/25/2023"": 1, ""8/8/2023"": 1, ""8/15/2023"": 1, ""9/5/2023"": 1, ""9/26/2023"": 1, ""9/27/2023"": 1, ""10/4/2023"": 1, ""10/17/2023"": 1, ""11/8/2023"": 1, ""12/1/2023"": 1, ""12/5/2023"": 1, ""12/12/2023"": 1, ""1/9/2024"": 1, ""1/23/2024"": 1, ""3/12/2024"": 1, ""3/26/2024"": 1, ""4/16/2024"": 1, ""4/23/2024"": 1, ""4/30/2024"": 1, ""5/7/2024"": 1, ""5/21/2024"": 1, ""5/28/2024"": 1, ""6/4/2024"": 1, ""6/18/2024"": 1, ""7/11/2024"": 1, ""9/24/2024"": 1, ""10/1/2024"": 1, ""10/22/2024"": 1, ""10/29/2024"": 1, ""2/24/2026"": 1, ""2/4/2025"": 1, ""2/11/2025"": 1, ""3/18/2025"": 1, ""3/25/2025"": 1, ""4/8/2025"": 1, ""5/19/2025"": 1, ""5/27/2025"": 1, ""6/3/2025"": 1, ""6/17/2025"": 1, ""7/1/2025"": 1, ""7/17/2025"": 1, ""7/21/2025"": 1, ""9/2/2025"": 1, ""9/9/2025"": 1, ""11/4/2025"": 1, ""12/9/2025"": 1, ""2/3/2026"": 1, ""3/3/2026"": 1, ""3/17/2026"": 1, ""3/24/2026"": 1, ""3/31/2026"": 1, ""4/7/2026"": 1, ""4/21/2026"": 1, ""4/28/2026"": 1, ""5/19/2026"": 1, ""6/16/2026"": 1, ""6/23/2026"": 1, ""7/14/2026"": 1, ""7/31/26"": 1, ""7/31/2026"": 1}",,,,,,
age,age,demographic,continuous,True,included,108,0,0.0,107,,10.30861111111111,10.915,2.75,18.88,,
DOB,DOB,other,excluded,False,excluded_date_birth_age_used_instead,108,0,0.0,105,"{""7/15/2012"": 2, ""7/9/2013"": 2, ""9/27/2014"": 2, ""3/5/2015"": 1, ""5/28/2014"": 1, ""5/18/2012"": 1, ""4/15/2010"": 1, ""10/18/2013"": 1, ""1/14/2020"": 1, ""7/15/2011"": 1, ""9/28/2013"": 1, ""3/23/2013"": 1, ""1/1/2013"": 1, ""11/13/2020"": 1, ""1/9/2015"": 1, ""5/2/2013"": 1, ""1/31/2018"": 1, ""1/21/2010"": 1, ""4/30/2020"": 1, ""7/28/2012"": 1, ""5/15/2018"": 1, ""8/5/2014"": 1, ""5/17/2010"": 1, ""6/14/2020"": 1, ""3/19/2018"": 1, ""1/1/2012"": 1, ""5/11/2013"": 1, ""9/26/2014"": 1, ""8/20/2011"": 1, ""4/11/2012"": 1, ""8/30/2016"": 1, ""6/22/2012"": 1, ""7/11/2011"": 1, ""3/27/2012"": 1, ""4/17/2011"": 1, ""5/4/2017"": 1, ""8/17/2012"": 1, ""7/19/2010"": 1, ""4/15/2016"": 1, ""6/27/2012"": 1, ""3/16/2012"": 1, ""10/10/2014"": 1, ""9/10/2011"": 1, ""6/30/2007"": 1, ""11/15/2014"": 1, ""1/20/2011"": 1, ""5/5/2017"": 1, ""8/15/2020"": 1, ""7/29/2009"": 1, ""7/29/2010"": 1, ""10/29/2009"": 1, ""7/10/2012"": 1, ""3/10/2010"": 1, ""1/24/2012"": 1, ""3/1/2013"": 1, ""4/1/2009"": 1, ""6/21/2016"": 1, ""1/26/2015"": 1, ""5/14/2016"": 1, ""7/3/2012"": 1, ""8/1/2008"": 1, ""7/1/2013"": 1, ""11/13/2015"": 1, ""6/25/2008"": 1, ""11/25/2015"": 1, ""8/18/2015"": 1, ""7/21/2020"": 1, ""3/3/2008"": 1, ""6/14/2012"": 1, ""4/21/2012"": 1, ""10/22/2011"": 1, ""9/9/2014"": 1, ""12/5/2012"": 1, ""2/11/2021"": 1, ""1/15/2017"": 1, ""1/8/2010"": 1, ""9/2/2010"": 1, ""5/3/2014"": 1, ""3/15/2014"": 1, ""2/12/2021"": 1, ""3/13/2022"": 1, ""7/24/2012"": 1, ""3/24/2012"": 1, ""4/22/2019"": 1, ""5/8/2021"": 1, ""8/26/2012"": 1, ""3/20/2022"": 1, ""4/30/2018"": 1, ""10/18/2016"": 1, ""3/21/2013"": 1, ""7/15/2015"": 1, ""4/2/2017"": 1, ""3/15/2021"": 1, ""11/14/2016"": 1, ""4/22/2013"": 1, ""5/1/2007"": 1, ""4/24/2022"": 1, ""7/1/2012"": 1, ""6/14/2015"": 1, ""1/1/2015"": 1, ""5/15/21"": 1, ""5/12/2014"": 1, ""7/17/2016"": 1, ""6/15/2019"": 1, ""2/9/2015"": 1}",,,,,,
gender,gender,other,excluded,False,excluded_ambiguous_codes_n_s_do_not_identify_male_female,108,0,0.0,2,"{""n"": 61, ""s"": 47}",,,,,,
breed,breed,other,excluded,False,excluded_raw_breed_breed_group_used,108,0,0.0,13,"{""DSH"": 71, ""DLH"": 10, ""DMH"": 9, ""Siamese"": 4, ""Siberian"": 4, ""Ragdoll"": 3, ""ocicat"": 1, ""bengal"": 1, ""Himalayan"": 1, ""Oriental Shorthair"": 1, ""Maine Coon"": 1, ""Ocicat"": 1, ""Snowshoe"": 1}",,,,,,
clinical signs,clinical_signs,other,excluded,False,excluded_raw_text_engineered_findings_used,108,0,0.0,47,"{""vomiting"": 13, ""vomiting, weight loss"": 12, ""weight loss"": 12, ""vomiting, diarrhea, weight loss"": 5, ""none, elevated liver values on bloodwork"": 5, ""diarrhea"": 5, ""diarrhea, weight loss"": 4, ""hyporexia"": 3, ""weight loss, vomiting"": 3, ""weight loss, vomiting, diarrhea"": 3, ""vomiting, diarrhea"": 3, ""chronic vomiting, weight loss"": 2, ""weight loss, hyporexia"": 2, ""weight loss, diarrhea"": 2, ""weight loss, diarrhea, vomiting"": 2, ""vomiting (chronic), weight loss (2 mos)"": 1, ""hyporexia, weight loss (1 month)"": 1, ""weight loss (1 month)"": 1, ""vomiting, weight loss (6 months)"": 1, ""vomiting, diarrhea (3 months)"": 1, ""vomiting, 2nd hairball obstruction, GI panel done after recovery"": 1, ""chronic vomiting, diarrhea"": 1, ""recurrent episodes of acute chloangiohepatitis - vomiting and hyporexia"": 1, ""chronic vomiting and diarrhea"": 1, ""chronic vomiting"": 1, ""chronic vomiting, hairball obstruction"": 1, ""chornic vomiting"": 1, ""none, discordantly elevated BUN on bloodwork"": 1, ""hyporexia, vomiting"": 1, ""diarrhea, peripheral lymphadenopathy"": 1, ""recurrent episodes of hyporexia, vomiting, diarrhea"": 1, ""vomiting, 2nd hairball obstruction"": 1, ""recurrent episodes of acute vomiting"": 1, ""chronic diarrhea"": 1, ""vomiting, weight loss, diarrhea"": 1, ""hyporexia, recurrent episodes of acute chloangiohepatitis - vomiting and hyporexia"": 1, ""vomiting, constipation"": 1, ""none, electrolyte abnomalities on bloodwork"": 1, ""hyporexia, weight loss"": 1, ""vomiting, recurrent episodes of acute chloangiohepatitis - vomiting and hyporexia"": 1, ""diarrhea, vomiting, weight loss"": 1, ""recurrent epsiodes of acute vomiting"": 1, ""weight loss, hyporexia, diarrhea"": 1, ""recurrent episodes of acute vomiting, diarrhea"": 1, ""weight loss, episode of acute chloangiohepatitis - vomiting and hyporexia"": 1, ""weight loss, episodes of acute chloangiohepatitis - vomiting and hyporexia"": 1, ""weight loss, elevated liver values on bloodwork"": 1}",,,,,,
procedure,procedure,other,excluded,False,excluded_procedure_choice_may_encode_clinician_suspicion,108,0,0.0,3,"{""upper"": 83, ""upper, lower"": 23, ""upper - fb"": 2}",,,,,,
cobalamin (290-1500),cobalamin_290_1500,other,excluded,False,excluded_raw_gi_panel_value_engineered_abnormality_state_used,108,18,0.16666666666666666,49,"{""1000.0"": 36, ""NaN"": 18, ""150.0"": 4, ""998.0"": 2, ""235.0"": 2, ""314.0"": 2, ""846.0"": 1, ""369.0"": 1, ""348.0"": 1, ""823.0"": 1, ""735.0"": 1, ""900.0"": 1, ""864.0"": 1, ""317.0"": 1, ""867.0"": 1, ""954.0"": 1, ""452.0"": 1, ""298.0"": 1, ""678.0"": 1, ""769.0"": 1, ""294.0"": 1, ""591.0"": 1, ""420.0"": 1, ""625.0"": 1, ""447.0"": 1, ""597.0"": 1, ""480.0"": 1, ""416.0"": 1, ""377.0"": 1, ""495.0"": 1, ""681.0"": 1, ""689.0"": 1, ""327.0"": 1, ""664.0"": 1, ""251.0"": 1, ""164.0"": 1, ""207.0"": 1, ""680.0"": 1, ""983.0"": 1, ""212.0"": 1, ""300.0"": 1, ""632.0"": 1, ""562.0"": 1, ""407.0"": 1, ""326.0"": 1, ""903.0"": 1, ""272.0"": 1, ""780.0"": 1, ""169.0"": 1, ""241.0"": 1}",,,,,,
folate (9.7-21.6),folate_9_7_21_6,other,excluded,False,excluded_raw_gi_panel_value_engineered_abnormality_state_used,108,18,0.16666666666666666,75,"{""NaN"": 18, ""15.2"": 4, ""15.4"": 3, ""15.5"": 2, ""19.0"": 2, ""17.5"": 2, ""16.4"": 2, ""10.3"": 2, ""16.7"": 2, ""17.6"": 2, ""9.8"": 2, ""19.3"": 2, ""24.0"": 2, ""14.3"": 1, ""31.2"": 1, ""17.3"": 1, ""7.8"": 1, ""20.4"": 1, ""12.7"": 1, ""13.1"": 1, ""20.9"": 1, ""19.2"": 1, ""23.7"": 1, ""10.1"": 1, ""23.6"": 1, ""22.2"": 1, ""13.8"": 1, ""16.0"": 1, ""27.3"": 1, ""17.2"": 1, ""26.7"": 1, ""26.8"": 1, ""39.0"": 1, ""23.4"": 1, ""15.7"": 1, ""29.9"": 1, ""22.5"": 1, ""23.3"": 1, ""31.7"": 1, ""25.3"": 1, ""7.6"": 1, ""29.1"": 1, ""14.6"": 1, ""18.6"": 1, ""7.4"": 1, ""18.4"": 1, ""22.3"": 1, ""28.0"": 1, ""30.0"": 1, ""21.0"": 1, ""16.3"": 1, ""22.7"": 1, ""6.8"": 1, ""17.8"": 1, ""25.1"": 1, ""20.2"": 1, ""23.2"": 1, ""11.0"": 1, ""18.0"": 1, ""13.3"": 1, ""10.5"": 1, ""14.8"": 1, ""10.0"": 1, ""41.3"": 1, ""28.7"": 1, ""34.6"": 1, ""21.9"": 1, ""40.9"": 1, ""17.1"": 1, ""28.8"": 1, ""20.1"": 1, ""36.6"": 1, ""21.6"": 1, ""6.0"": 1, ""34.9"": 1, ""14.9"": 1}",,,,,,
TLI (12-82),TLI_12_82,other,excluded,False,excluded_raw_gi_panel_value_engineered_abnormality_state_used,108,21,0.19444444444444445,85,"{""NaN"": 21, ""32.8"": 2, ""51.1"": 2, ""29.6"": 1, ""32.4"": 1, ""55.7"": 1, ""39.4"": 1, ""28.0"": 1, ""40.0"": 1, ""33.3"": 1, ""45.8"": 1, ""31.7"": 1, ""43.9"": 1, ""33.6"": 1, ""66.7"": 1, ""116.8"": 1, ""136.2"": 1, ""31.8"": 1, ""34.1"": 1, ""69.2"": 1, ""36.7"": 1, ""88.8"": 1, ""124.4"": 1, ""46.0"": 1, ""35.5"": 1, ""74.2"": 1, ""70.9"": 1, ""42.0"": 1, ""124.8"": 1, ""37.3"": 1, ""23.2"": 1, ""268.8"": 1, ""126.4"": 1, ""62.0"": 1, ""53.3"": 1, ""188.2"": 1, ""27.8"": 1, ""37.1"": 1, ""29.8"": 1, ""119.6"": 1, ""37.8"": 1, ""68.3"": 1, ""126.9"": 1, ""137.3"": 1, ""77.1"": 1, ""86.0"": 1, ""87.9"": 1, ""29.2"": 1, ""38.4"": 1, ""73.3"": 1, ""123.3"": 1, ""56.4"": 1, ""41.5"": 1, ""44.8"": 1, ""90.4"": 1, ""99.6"": 1, ""57.5"": 1, ""90.9"": 1, ""33.7"": 1, ""25.7"": 1, ""121.1"": 1, ""37.9"": 1, ""42.8"": 1, ""53.1"": 1, ""84.5"": 1, ""24.0"": 1, ""61.2"": 1, ""49.4"": 1, ""50.7"": 1, ""140.9"": 1, ""158.0"": 1, ""69.1"": 1, ""39.7"": 1, ""116.0"": 1, ""45.6"": 1, ""82.4"": 1, ""98.5"": 1, ""309.3"": 1, ""194.7"": 1, ""35.8"": 1, ""80.6"": 1, ""39.1"": 1, ""58.8"": 1, ""90.7"": 1, ""60.5"": 1, ""41.1"": 1}",,,,,,
PLI (<= 4.4),PLI_4_4,other,excluded,False,excluded_raw_gi_panel_value_engineered_abnormality_state_used,108,22,0.2037037037037037,43,"{""NaN"": 22, ""1.0"": 6, ""2.5"": 4, ""1.4"": 4, ""2.4"": 4, ""2.0"": 4, ""1.1"": 4, ""1.7"": 4, ""2.2"": 3, ""0.9"": 3, ""2.1"": 3, ""1.5"": 3, ""1.2"": 3, ""1.3"": 3, ""4.6"": 2, ""0.5"": 2, ""2.7"": 2, ""0.7"": 2, ""0.4"": 2, ""1.6"": 2, ""0.8"": 2, ""1.9"": 2, ""4.0"": 1, ""17.3"": 1, ""4.2"": 1, ""2.6"": 1, ""11.4"": 1, ""2.9"": 1, ""5.4"": 1, ""11.0"": 1, ""0.6"": 1, ""8.6"": 1, ""21.8"": 1, ""1.8"": 1, ""9.6"": 1, ""6.4"": 1, ""3.8"": 1, ""5.9"": 1, ""2.3"": 1, ""26.7"": 1, ""2.8"": 1, ""5.6"": 1, ""9.2"": 1, ""4.7"": 1}",,,,,,
AUS,AUS,other,excluded,False,excluded_raw_text_engineered_findings_used,108,0,0.0,77,"{""thickened duodenum, jejunum"": 6, ""WNL"": 4, ""ileus"": 3, ""thickened jejunum; mesenteric lymphadenopathy"": 3, ""thickened duodenum, jejunum, ileum; mesenteric lymphadenopathy"": 3, ""thickened duodenum, jejunum, ileum; enlarged pancreas; mesenteric lymphadenopathy"": 3, ""duodenum, jejunum thickened; enlarged pancreas"": 2, ""duodenum thickened"": 2, ""duodenum, jejunum thickened; mesenteric lymphadenopathy"": 2, ""duodenum, jejunum thickened"": 2, ""mesenteric lymphadenopathy"": 2, ""thickened duodenum, jejunum; mesenteric lymphadenopathy, splenomegaly; chronic degenerative changes to kidneys"": 2, ""thickened duodenum, enlarged pancreas, chronic degenerative changes to kidneys"": 2, ""thickened jejunum, mesenteric lymphadenopathy"": 2, ""thickened jejunum"": 2, ""thickened duodenum, jejunum, ileum, colon; mesenteric lymphadenopathy"": 2, ""thickened jejunum, ileum; mesenteric lymphadenopathy; enlarged pancreas"": 2, ""thickened duodenum, jejunum; enlarged pancreas"": 2, ""thickened duodenum, jejunum; mesenteric lymphadenopathy"": 2, ""thickened duodenum; enlarged pancreas; gall bladder sludge"": 2, ""thickened duodenum, jejunum, ileum"": 2, ""duodenum, jejunum, ileum thickened; mesenteric lymphadenopathy"": 1, ""jejunum thickened, ileus"": 1, ""duodenum, jejunum thickened; ileus"": 1, ""duodenum thickened; mesenteric lymphadenopathy"": 1, ""ileus, mesenteric lymphadenopathy"": 1, ""duodenum thickened; ileus; tortuous biliary tract"": 1, ""duodenum, jeunum, ileum thickened; meseneteric lymphadenopathy"": 1, ""jejunum thickened, chronic degenerative changes to kidneys"": 1, ""thickened dudenum; chronic degenerative changes to kidneys"": 1, ""thickened duodenum, splenomegaly, mesenteric lymphadenopathy"": 1, ""thickened duodenum, jejunum, ileum, colon"": 1, ""thickened duodenum, jejunum, ileum; mesenteric lymphadenopathy, enlarged pancreas"": 1, ""thickened colon, mesenteric lymphadenopathy"": 1, ""enlarged pancreas"": 1, ""thickened duodenum, jejunum, enlarged pancreas, splenomegaly"": 1, ""thickened duodenum, enlarged pancreas, mesenteric lymphadenopathy"": 1, ""thickened duodenum, jejunum; enlarged pancreas; mesenteric lymphadenopathy; billiary cystadenoma"": 1, ""thickened duodenum, jejunum; enlarged pancreas; chronic degenerative changes to kidneys"": 1, ""gall bladder sludge, thickened duodenum"": 1, ""thickend duodenum, jejunum"": 1, ""thickend duodenum, jejunum, colon"": 1, ""thickened jejunum, gall bladder sludge, splenomegaly"": 1, ""thickened jejunum, ileum; mesenteric lymphadenopathy"": 1, ""thickened duodenum, jejunum; mesenteric lymphadenopathy; chronic degenerative changes to kidneys"": 1, ""thickened jejunum, mesenteric lymphadenopathy, splenomegaly, enlarged pancreas"": 1, ""thickened duodenum, jejunum, ileum, colon; gall bladder sludge"": 1, ""thickened jejunum, mesenteric lymphadenopathy, chronic degenerative changes to kidneys"": 1, ""thickened jejunum; mesenteric lymphadenopathy; gall bladder sludge; chronic degenerative changes to kidneys"": 1, ""mesenteric lymphadenopathy; chronic degenerative changes to kidneys"": 1, ""thickened duodenum, jejunum, ileum; gall bladder sludge"": 1, ""thickened duodenum, jejunum; splenomegaly; meseneteric lymphadenopathy"": 1, ""thickened duodenum, ileum"": 1, ""thickened duodenum, jejunum, ileum; mesenteric lymphadenopathy; gall bladder sludge"": 1, ""thickened duodenun, jejunum; mesenteric lymphadenopathy; gall bladder sludge"": 1, ""thickened duodenum, ileum, colon; gall bladder sludge; splenomegaly"": 1, ""thickend duodenum; gall bladder sludge; enlarged pancreas"": 1, ""gall bladder sludge"": 1, ""thickened jejunum, colon; mesenteric lymphadenopathy"": 1, ""thickened duodenum, jejunum, colon; mesenteric lymphadenopathy; chronic degenerative changes to kidneys"": 1, ""thickened duodenum, ileum, colon; gall bladder sludge; mesenteric lymphadenopathy"": 1, ""thickened duodenum; mesenteric lymphadenopathy; bilateral degenerative changes to kidneys"": 1, ""thickened duodenum; bilateral degenerative changes to kidneys"": 1, ""thickend duodenum, jejunum; mesenteric lymphadenopathy; gall bladder sludge; bilateral degenerative changes to kidneys"": 1, ""gall bladder sludge; bilateral degenerative changes to kidneys"": 1, ""thickened ileum, colon; enlarged pancreas; splenomegaly"": 1, ""thickened duodenum; enlarged pancreas; bilateral degenerative changes to kidneys"": 1, ""thickened jejunum; gall bladder sludge; splenomegaly; mesenteric lymphadenopathy"": 1, ""enlarged pancreas; thickened duodenum; meseneteric lymphadenopathy"": 1, ""thickened duodenum, jejunum; nephrolithiasis"": 1, ""gall bladder sludge; thickened duodenum, jejunum; mesenteric lymphadenopathy; splenomegaly; enlarged pancreas"": 1, ""thickened duodenum, jejunum; mesenteric lymphadenopathy; enlarged pancreas"": 1, ""thickened duodenum, jejunum;enlarged pancreas; bilateral degenerative changes to kidneys; splenomegaly"": 1, ""thickened duodenum, jejunum, ileum; mesenteric lymphadenopathy "": 1, ""splenomegaly; thickened duodenum, jejunum; mesenteric lymphadenopathy"": 1, ""thickend duodenum, jejunum, ileum"": 1, ""thickened duodenum, jejunum; unilateral left-sided degenerative changes to kidneys"": 1}",,,,,,
CBC,CBC,other,excluded,False,excluded_raw_text_engineered_findings_used,108,0,0.0,18,"{""WNL"": 79, ""monocytosis"": 7, ""eosinophilia"": 3, ""lymphocytosis"": 2, ""anemia"": 2, ""neutropenia, lymphopenia"": 2, ""lymphopenia"": 2, ""eosinophilia, basophilia"": 1, ""monocytosis, basophilia"": 1, ""anemia, neutropenia, monocytosis"": 1, ""neutropenia"": 1, ""lymphopenia, basocytosis"": 1, ""monocytosis, eosinophilia"": 1, ""lymphopenia,eosinopenia"": 1, ""monocytosis, eosinophilia, basophilia"": 1, ""neutrophilia"": 1, ""basophilia"": 1, ""neutrophilia, monocytosis, eosinophilia, basophilia"": 1}",,,,,,
chem,chem,other,excluded,False,excluded_raw_text_engineered_findings_used,108,0,0.0,25,"{""WNL"": 64, ""azotemia"": 11, ""hyperproteinemia"": 4, ""hypoproteinemia"": 3, ""elevated ALT"": 3, ""elevated BUN"": 2, ""elevated ALT, ALP"": 2, ""azotemia, hypoproteinemia"": 2, ""hypoproteinemia, decreased ALT"": 1, ""hyperglycemia, hypokalemia"": 1, ""ALT, AST, tibil elevated"": 1, ""azotemia, hypokalemia"": 1, ""hyperproteinemia, hypercholesterolemia"": 1, ""hyperglycemia"": 1, ""elevated AST"": 1, ""hypercalcemia, azotemia"": 1, ""hypokalemia"": 1, ""azotemia, hyperproteinemia"": 1, ""hypokalemia, hypophosphatemia"": 1, ""azotemia, elevated ALT, ALP, tbili"": 1, ""hyperproteinemia, hypokalemia, elevated ALT"": 1, ""azotemia, elevated ALT, ALP"": 1, ""elevated ALP"": 1, ""decreased ALT"": 1, ""hypophosphatemia, hypokalemia"": 1}",,,,,,
histopathology,histopathology,other,excluded,False,excluded_diagnosis_defining_post_procedure_information,108,0,0.0,107,"{""Duodenum, jejunum: Alimentary lymphoma, small cell, low grade, epitheliotropic\r\nStomach: Within normal limits\r"": 2, ""stomach - normal; duodenum - Severe, diffuse, chronic lymphoplasmacytic and neutrophilic erosive and ulcerative enteritis with marked\nvillous blunting and fusion"": 1, ""Duodenum: Mild, multifocal to coalescing, chronic, lymphoplasmacytic and eosinophilic enteritis with intraepithelial lymphocytosis\nJejunum: Minimal, multifocal, chronic, lymphoplasmacytic enteritis\nStomach: Within normal limits\n"": 1, ""Duodenum:\n1.Alimentary lymphoma, epitheliotropic, small cell, low-grade\n2.Mild, diffuse, chronic lymphoplasmacytic enteritis\nStomach: Within normal limits"": 1, ""Stomach: Moderate, chronic, diffuse lymphoplasmacytic gastritis with focal surface epithelial remodeling\nDuodenum: Moderate, chronic, diffuse lymphoplasmacytic and eosinophilic enteritis with mid-mucosal linear fibrosis and villous blunting\nJejunum: Moderate, chronic, diffuse lymphoplasmacytic and eosinophilic enteritis and villous blunting\n"": 1, ""Small intestine (duodenum, jejunum): Alimentary lymphoma, epitheliotropic, small cell, low-grade\nStomach: Within normal limits"": 1, ""Jejunum: Mild, chronic, multifocal, lymphoplasmacytic enteritis with prominent intraepithelial lymphocytosis and mid-mucosal linear fibrosis\nDuodenum: Mild, chronic, multifocal, lymphoplasmacytic enteritis with prominent intraepithelial lymphocytosis \nStomach: Within normal limits\n"": 1, ""Stomach:\n1. Mild, diffuse mucosal edema\n2. Moderate Helicobacter-like organisms colonization\nDuodenum: Moderate, multifocal necroulcerative and suppurative enteritis with mild to moderate diffuse\nlymphoplasmacytic and eosinophilic enteritis, edema, hemorrhage, epithelial dysplasia, and intralesional mixed\nmorphology bacteria \nJejunum: Mild, multifocal edema"": 1, ""Duodenum: Moderate, diffuse, chronic lymphoplasmacytic and eosinophilic enteritis with mild villus attenuation, marked\nintraepithelial lymphocytosis, and crypt hyperplasia with goblet cell depletion\nJejunum: Mild, diffuse, chronic lymphoplasmacytic enteritis with mild villus attenuation, and mild to moderate intraepithelial\nlymphocytosis\nStomach: Within normal limits"": 1, ""Stomach: Mild gastric fibrosis\r\nDuodenum and jejunum: Mild to moderate, chronic lymphoplasmacytic enteritis with intraepithelial lymphocytosis\r\n\r"": 1, ""Duodenum, jejunum: Moderate, diffuse, chronic lymphoplasmacytic enteritis with mild to moderate intraepithelial lymphocytosis and marked mid-mucosal fibrosis\r\nStomach: Mild, diffuse, chronic lymphoplasmacytic and eosinophilic gastritis with focal glandular proteinosis and marked intraepithelial lymphocytosis\r"": 1, ""Duodenum: Epitheliotropic lymphoma, small cell low grade"": 1, ""Stomach: Gastritis, mild, chronic, lymphocytic\nDuodenum: Mild villous atrophy and mild patchy mid mucosal laminar fibrosis\nJejunum: Moderate villous atrophy and severe mid mucosal laminar fibrosis\n"": 1, ""Duodenum: Alimentary lymphoma, small cell, low-grade, epitheliotropic\r\nJejunum: Alimentary lymphoma, small cell, low-grade, epitheliotropic\r\nStomach: Within normal limits"": 1, ""Duodenum and jejunum: Alimentary lymphoma, epitheliotropic, small cell\r\nStomach: Mild, diffuse, edema with abundant Helicobacter-like organism colonization\r\n\r\n"": 1, ""Jejunum:\n1.Emerging alimentary lymphoma, small cell, low-grade, epitheliotropic\n2.Moderate, generalized, chronic lymphoplasmacytic and eosinophilic enteritis\nDuodenum: Moderate, generalized, chronic lymphoplasmacytic and eosinophilic enteritis with intraepithelial lymphocytosis\nStomach: Mild, generalized, chronic lymphoplasmacytic gastritis with moderate numbers of luminal helicobacter-like organisms (HLPOs)"": 1, ""Stomach: Mild helicobacter-like organisms\nDuodenum: Moderate, generalized, chronic eosinophilic, and lymphoplasmacytic enteritis with large infiltrates of large\ngranulocytic lymphocytes (LGL), severe multifocal LGL epitheliotropism with villus blunting and crypt hyperplasia (please\nsee comment)\nJejunum: Moderate, generalized, chronic eosinophilic, and lymphoplasmacytic enteritis with large infiltrates of large\ngranulocytic lymphocytes (LGL), severe multifocal LGL epitheliotropism with villus blunting and crypt hyperplasia (please\nsee comment)\nIleum: Mild to moderate, generalized, chronic lymphoplasmacytic and eosinophilic enteritis with mid-mucosal fibrosis,\nintraepithelial lymphocytosis, and crypt hyperplasia\nColon: Within normal limits\nIHC (CD3): Ultimately a lymphoplasmacytic and eosinophilic enteritis was prioritized in this case over a neoplastic process, which may fit with a clinical diagnosis of IBD. The eosinophilic\ncomponent appreciated may suggest a hypersensitivity to luminal food or bacterial component antigen or\nendoparasitism. The significance of the LGL proliferative lesion is unknown."": 1, ""Duodenum: Moderate, generalized, chronic, lymphoplasmacytic, and neutrophilic enteritis with mild multifocal epithelial erosion and crypt hyperplasia\r\nStomach: Mild, multifocal, chronic gastritis with gastric neck cell hyperplasia\r\n"": 1, ""Stomach:\n1. Mild, chronic, multifocal lymphoplasmacytic gastritis\n2. Mild Helicobacter-like organisms colonization\nDuodenum: Moderate, chronic, diffuse lymphoplasmacytic enteritis with intraepithelial nests and plaques, please see\ncomment below\nJejunum: Mild, chronic, diffuse lymphoplasmacytic enteritis with lymphocytic exocytosis\nIHC (CD3): The additional stains highlight numerous CD3-positive T-lymphocytes forming nests and plaques within the epithelium,\r\nwhich supports the diagnosis of small-cell, low-grade, T-cell epitheliotropic lymphoma. Lymphoma in this patient has been"": 1, ""Duodenum: Alimentary lymphoma, small cell, low-grade, epitheliotropic\nJejunum: Alimentary lymphoma, small cell, low-grade, epitheliotropic\nStomach: Moderate Helicobacter-like organism colonization\nIHC (CD3) marker for T-cells: There is strong, positive immunolabeling throughout the duodenum and jejunum. Multifocally,\r\nthere are clusters of T-cells that are forming nests and plaques that are effacing the underlying epithelium."": 1, ""Stomach: Mild Helicobacter-like organism colonization\r\nDuodenum: Moderate, diffuse, chronic, lymphoplasmacytic and neutrophilic enteritis\r\nJejunum: Moderate, diffuse, chronic, lymphoplasmacytic and neutrophilic enteritis \r\n"": 1, ""Stomach: Within normal limits\r\nDuodenum:\r\n1.Moderate, diffuse, chronic, lymphoplasmacytic enteritis with severe intraepithelial lymphocytosis\r\n2.Moderate, locally extensive intraepithelial large granulocytic lymphocytosis (please see comment)\r\nJejunum: Moderate, diffuse, chronic, lymphoplasmacytic enteritis with severe intraepithelial lymphocytosis\r"": 1, ""Duodenum: Moderate, generalized, chronic lymphoplasmacytic and histiocytic enteritis with severe intraepithelial\r\nlymphocytosis (please see comment)\r\nJejunum: Moderate, generalized, chronic lymphoplasmacytic and histiocytic enteritis with severe intraepithelial\r\nlymphocytosis (please see comment)\r\nStomach: Mild, generalized, chronic lymphoplasmacytic and eosinophilic gastritis with mild, multifocal neutrophilic\r\nexocytosis\r"": 1, ""Stomach: Mild, multifocal, chronic, lymphoplasmacytic, and neutrophilic gastritis\r\nDuodenum: Mild, multifocal-to-coalescing, chronic, lymphoplasmacytic, eosinophilic, and neutrophilic enteritis with mid-mucosal linear fibrosis and villus blunting\r\nJejunum: Mild, multifocal-to-coalescing, chronic, lymphoplasmacytic enteritis with mid-mucosal linear fibrosis and villus blunting\r"": 1, ""Duodenum: Alimentary lymphoma, small cell, epitheliotropic\nIHC (CD3): Immunohistochemical stains reveal numerous intraepithelial lymphocytes shrouding the villous epithelium, which was not\r\nas prominent in the original histochemical sections. This is consistent with small cell, epitheliotropic, alimentary\r\nlymphoma upon a background of chronic lymphoplasmacytic enteritis."": 1, ""Stomach: Mild Helicobacter-like organism colonization\nDuodenum:\n1. Emerging epitheliotropic lymphoma, small cell, low grade presumptive (please see comment)\n2. Moderate, chronic, diffuse lymphoplasmacytic enteritis\nJejunum: Moderate, chronic, diffuse lymphoplasmacytic enteritis with epithelial lymphocytosis\n"": 1, ""Duodenum: Alimentary lymphoma, small cell, low-grade, epitheliotropic\r\nJejunum: Alimentary lymphoma, small cell, low-grade, epitheliotropic\r\nColon: Focal, mild, crypt dilatation\r\nStomach: Within normal limits\r"": 1, ""Stomach: Mild, multifocal, chronic, lymphoplasmacytic gastritis\nDuodenum: Mild, diffuse, chronic, lymphoplasmacytic and eosinophilic enteritis\nJejunum: Moderate, diffuse, chronic, lymphoplasmacytic and eosinophilic enteritis\nIleum: Moderate, diffuse, chronic, lymphoplasmacytic and eosinophilic enteritis\nColon: Moderate, diffuse, chronic, lymphoplasmacytic and eosinophilic colitis\nIHC (CD3, CD20): negative"": 1, ""Stomach: Mild Helicobacter-like organism colonization\r\nDuodenum, jejunum, ileum: Alimentary lymphoma, small cell, low grade, epitheliotropic\r\nColon: Mild, diffuse, chronic lymphoplasmacytic colitis\r"": 1, ""Stomach: No significant findings\r\nDuodenum, jejunum: Alimentary lymphoma, intermediate cell, low grade, epitheliotropic\r\nThe duodenum is more  severely affected than the jejunum. Lymphoma in this patient has been designated as low-grade based on its low mitotic rate.\r\n"": 1, ""Stomach: Mild, diffuse, chronic, lymphoplasmacytic gastritis\r\nDuodenum, jejunum, ileum: Moderate, diffuse, chronic, lymphoplasmacytic enteritis with intraepithelial lymphocytosis\r\nColon: Moderate, diffuse, chronic, lymphoplasmacytic colitis\r"": 1, ""Stomach: No significant findings\r\nDuodenum: Alimentary lymphoma, small cell, low grade, epitheliotropic\r\nJejunum: Alimentary lymphoma, small cell, low grade, epitheliotropic"": 1, ""Stomach: Within normal limits \r\nDuodenum: Alimentary lymphoma, small cell, epitheliotropic, low-grade\r\nJejunum: Moderate diffuse, chronic, lymphoplasmacytic enteritis with intraepithelial lymphocytosis\r"": 1, ""Duodenum and Jejunum: \n 1.Alimentary lymphoma, small cell, epitheliotropic\n 2.Moderate, chronic, generalized lymphoplasmacytic and histiocytic enteritis\nStomach: Mild, generalized lymphoplasmacytic and histiocytic gastritis"": 1, ""Duodenum:\r\n1. Emerging alimentary lymphoma, small cell, low-grade, epitheliotropic\r\n2. Mild, multifocal to coalescing, chronic, mucosal linear fibrosis\r\nJejunum: Emerging alimentary lymphoma, small cell, low-grade, epitheliotropic\r\nStomach: Within normal limits\r"": 1, ""Duodenum and Jejunum: Alimentary lymphoma, small cell, epitheliotropic\r\nStomach: Within normal limits"": 1, ""Duodenum and jejunum: Alimentary lymphoma, small cell, epitheliotropic\r\nStomach: Within normal limits"": 1, ""Stomach: Gastritis, mild, chronic, lymphocytic\r\nDuodenum: Alimentary lymphoma, epitheliotropic, small cell, low-grade"": 1, ""Gastric mucosa: No significant lesions\r\nDuodenal mucosa: Epitheliotropic alimentary lymphoma, small cell, low grade\r\nJejunal mucosa: Epitheliotropic alimentary lymphoma, small cell, low grade"": 1, ""Stomach: Within normal limits\r\nDuodenum and jejunum: Epitheliotropic lymphoma, low-grade, small-cell"": 1, ""Stomach: Within normal limits\r\nDuodenum: Alimentary lymphoma, small cell, epitheliotropic, low-grade"": 1, ""Stomach: Within normal limits\r\nDuodenum and jejunum: Moderate, multifocal, chronic, lymphoplasmacytic and eosinophilic enteritis with emerging small\r\ncell, low-grade, epitheliotropic lymphoma"": 1, ""Duodenum: Lymphoma, epitheliotropic, small-cell\r\nStomach: Lymphoma, epitheliotropic, small-to-intermediate cell\r\nJejunum: Concern for alimentary lymphoma (please see comment)\r"": 1, ""Duodenum: Mild, multifocal, chronic lymphoplasmacytic enteritis\r\nJejunum: Within normal limits\r\nColon: Mild, multifocal, chronic lymphoplasmacytic colitis\r\n"": 1, ""Stomach: Moderate, multifocal, chronic lymphoplasmacytic gastritis\r\nDuodenum: Moderate, multifocal, chronic lymphoplasmacytic enteritis\r\nJejunum: Moderate, multifocal, chronic lymphoplasmacytic enteritis"": 1, ""Stomach: Within normal limits\r\nDuodenum: Mild, diffuse, chronic lymphocytic enteritis with intraepithelial lymphocytes\r\nJejunum: Mild, diffuse, chronic lymphocytic enteritis with intraepithelial lymphocytes"": 1, ""Duodenum, jejunum: Alimentary lymphoma, small cell, low grade, epitheliotropic\r\nStomach:\r\n1. Mild to moderate, diffuse, subacute, lymphoplasmacytic gastritis\r\n2. Moderate, multifocal, Helicobacter-like organisms\r\nColon: Mild, diffuse, subacute, edema\r"": 1, ""Stomach:\n1. Mild, diffuse, subacute, lymphoplasmacytic gastritis\n2. Mild, multifocal, Helicobacter-like organisms\nDuodenum: Moderate, diffuse, subacute, lymphoplasmacytic enteritis with minimal eosinophilic and neutrophilic infiltrates, epithelial attenuation and brush border loss\nJejunum: Mild to moderate, diffuse, subacute, lymphoplasmacytic enteritis\n"": 1, ""Duodenum, jejunum: Alimentary lymphoma, small cell, low grade, epitheliotropic\r\nStomach:\r\n1. Mild, diffuse, chronic, lymphoplasmacytic, gastritis with mucosal fibrosis and epithelial attenuation\r\n2. Mild, multifocal, Helicobacter-like organisms\r"": 1, ""Jejunum:\r\n1. Lymphoma, epitheliotropic, small cell, low grade\r\n2. Mild, diffuse, eosinophilic and lymphoplasmacytic enteritis\r\nDuodenum: Mild to moderate, diffuse, chronic, lymphoplasmacytic enteritis\r\nIleum (per submission): Mild to moderate, diffuse, chronic lymphoplasmacytic and eosinophilic colitis\r\nColon: Mild to moderate, diffuse, chronic lymphoplasmacytic colitis\r\nStomach: Within normal limits"": 1, ""Stomach:\r\n1. Mild, chronic, diffuse lymphoplasmacytic gastritis with epithelial lymphocytosis\r\n2. Mild Helicobacter-like organism colonization\r\nDuodenum and jejunum:\r\n1. Alimentary lymphoma, small cell, low grade, epitheliotropic\r\n2. Mild to moderate, chronic, diffuse lymphoplasmacytic enteritis"": 1, ""Duodenum and jejunum: alimentary lymphoma, small cell, low grade\r\nStomach: mild gastritis\r"": 1, ""Duodenum and jejunum: Alimentary lymphoma, small cell, low-grade, epitheliotropic\r\nStomach: Within normal limits\r"": 1, ""Duodenum and jejunum: Alimentary lymphoma, small cell, low-grade, epitheliotropic\r\nStomach: Mild, multifocal, chronic, lymphoplasmacytic gastritis with luminal Helicobacter-like organisms\r\n\r\n"": 1, ""Stomach: Within normal limits\r\nDuodenum and jejunum:\r\n1. Emerging lymphoma, epitheliotropic, small cell\r\n2. Mild, multifocal, chronic lymphoplasmacytic enteritis"": 1, ""Stomach: Within normal limits\r\nDuodenum, jejunum, and ileum: Emerging lymphoma, epitheliotropic, small cell\r\nColon: Mild, multifocal, chronic fibrosis with crypt dilation"": 1, ""Duodenum: Emerging alimentary lymphoma, small cell, low-grade, epitheliotropic\r\nJejunum: Mild, diffuse, subacute, lymphoplasmacytic enteritis\r\nColon: Moderate, diffuse, subacute, lymphoplasmacytic colitis\r\nStomach: Within normal limits\r\n"": 1, ""Duodenum: Alimentary lymphoma, small-cell, low-grade, epitheliotropic\r\nStomach, fundus: Mild, chronic, multifocal, lymphoplasmacytic gastritis\r\n"": 1, ""Duodenum: Moderate, diffuse, subacute, lymphocytic enteritis with rare nests and plasma cells, concern for emerging alimentary lymphoma\r\nJejunum: Moderate, diffuse, subacute, lymphocytic enteritis with rare plasma cells\r\nStomach: Within normal limits\r"": 1, ""Jejunum and duodenum: Alimentary lymphoma, epitheliotropic, small cell, low-grade\r\nStomach: Mild, diffuse, superficial edema"": 1, ""Stomach: Mild, chronic, multifocal lymphoplasmacytic and neutrophilic gastritis with multifocal ulceration and mild fibrosis(The regions of ulceration and neutrophilic infiltration within the stomach may be suggestive of a secondary bacterial infection, irritation due to intraluminal foreign material, or chronic stress.)\r\nDuodenum: Mild, chronic, diffuse lymphoplasmacytic enteritis with epithelial lymphocytosis\r\nJejunum: Mild, chronic, diffuse lymphoplasmacytic enteritis with epithelial lymphocytosis"": 1, ""Duodenum & Jejunum: Alimentary lymphoma, small-cell, epitheliotropic\r\nStomach 2: Minimal lymphoplasmacytic infiltrates\r\nStomach 1: Within normal limits"": 1, ""Stomach: Minimal, multifocal, subacute, lymphoplasmacytic infiltrates\r\nDuodenum: Emerging alimentary lymphoma, small cell, low-grade, epitheliotropic"": 1, ""Duodenum, jejunum, ileum and colon: Alimentary lymphoma, intermediate cell, low grade, epitheliotropic\r\nStomach: Mild, multifocal, chronic, lymphoplasmacytic gastritis with Helicobacter-like organism colonization\r\n"": 1, ""Duodenum, jejunum, and colon: Alimentary lymphoma, epitheliotropic, small cell, low-grade\r\nStomach: Within normal limits"": 1, ""Stomach: Mild, multifocal, chronic lymphocytic gastritis\r\nDuodenum: Mild, diffuse, chronic lymphocytic enteritis\r\nJejunum: Within normal limits\r\nColon: Moderate, diffuse, chronic lymphocytic colitis with goblet cell depletion\r"": 1, "" Stomach: Mild, locally extensive, chronic, lymphoplasmacytic and neutrophilic gastritis\r\n Duodenum: Alimentary lymphoma, small cell, epitheliotropic\r\n Jejunum: Alimentary lymphoma, small cell, epitheliotropic\r"": 1, "" Jejunum and duodenum: Alimentary lymphoma, epitheliotropic, small cell, low-grade\r\n Stomach: Mild, diffuse, chronic, lymphoplasmacytic gastritis\r"": 1, ""Duodenum, jejunum, stomach: Alimentary lymphoma, small cell, low grade, epitheliotropic\r"": 1, ""Stomach: Within normal limits\r\nDuodenum: Lymphoma, epitheliotropic, small cell - presumptive (see comment)\r\nJejunum: Lymphoma, epitheliotropic, small cell (see comment)"": 1, ""Duodenum and jejunum: Alimentary lymphoma, small cell, low-grade, epitheliotropic\r\nStomach: Early alimentary lymphoma, small cell, low-grade, epitheliotropic\r\nColon: Mild, multifocal, intraepithelial lymphocytosis\r\n"": 1, ""Duodenum and jejunum: Alimentary lymphoma, epitheliotropic, small cell, low-grade\r\nStomach: Mild, diffuse, lymphoplasmacytic gastritis with mild edema\r"": 1, ""Duodenum and jejunum: Moderate, segmental, chronic, lymphocytic to lymphoplasmacytic enteritis with increased intraepithelial lymphocytes (concern for emerging lymphoma; please see comment)\nStomach: Moderate, diffuse, chronic loss of apical mucin\nColon: Mild, multifocal lymphocytic and neutrophilic colitis with prominent lymphoid hyperplasia\nIHC (CD3, CD20): Immunohistochemistry highlights the mixed population of T and B lymphocytes within the mucosa."": 1, ""Stomach: Mild, diffuse, chronic, lymphoplasmacytic gastritis with diffuse edema\r\nDuodenum: Alimentary lymphoma  small cell, epitheliotropic\r\nJejunum: Alimentary lymphoma  small cell, epitheliotrop\r"": 1, ""Stomach: Within normal limits\r\nDuodenum: Alimentary lymphoma  small cell, epitheliotropic \r\nJejunum: Alimentary lymphoma  small cell, epitheliotropic \r"": 1, ""Stomach: Within normal limits\r\nDuodenum: Alimentary lymphoma, small cell, epitheliotropic\r\nJejunum: Alimentary lymphoma, small cell, epitheliotropic\r"": 1, ""Duodenum: Lymphoma, epitheliotropic, small cell\r\nJejunum: Lymphoma, epitheliotropic, small cell\r\nStomach: Mild, multifocal, superficial edema\r"": 1, ""Duodenum: Epitheliotropic alimentary epithelial type II (T-cell presumptive).\r\nStomach: Within normal limits"": 1, ""Stomach: Mild intraepithelial lymphocytosis\r\nDuodenum and Jejunum: Alimentary lymphoma, small cell, low grade, epitheliotropic\r\nColon: Moderate to severe, lymphoplasmacytic and neutrophilic colitis with increased intraepithelial lymphocytes and mild\r\ngoblet cell depletion\r"": 1, ""Duodenum and jejunum:\r\n1. Alimentary lymphoma, small-cell, low-grade, epitheliotropic\r\n2. Chronic, diffuse lymphoplasmacytic enteritis\r\nStomach: Mild, chronic, diffuse lymphoplasmacytic gastritis\r"": 1, ""Duodenum, jejunum: Emerging alimentary epitheliotropic T-cell lymphoma\nColon: Mild, diffuse, chronic, lymphoplasmacytic colitis\nStomach: Within normal limits\nIHC (CD3, CD20): Immunohistochemical evaluation of the duodenum and jejunum reveals features consistent with an emerging\r\nepitheliotropic T-cell lymphoma that is likely arising from a background of inflammation"": 1, ""Duodenum: Alimentary lymphoma, epitheliotropic, small cell  \r\nJejunum: Mild, multifocal, chronic lymphoplasmacytic enteritis with intraepithelial lymphocytes  \r\nStomach: Mild, multifocal, chronic lymphoplasmacytic and eosinophilic gastritis\r"": 1, ""Duodenum & jejunum: Alimentary T-cell lymphoma, low grade, epitheliotropic\r\nStomach: Mild, focal, lymphoplasmacytic gastritis with edema and Helicobacter-like organisms (HLOs)\r"": 1, ""Stomach: Within normal limits\nDuodenum: Mild, diffuse, chronic, lymphoplasmacytic enteritis with intraepithelial lymphocytes\nJejunum: Mild, diffuse, chronic, lymphoplasmacytic enteritis with intraepithelial lymphocytes\nColon: Within normal limits\nIHC (CD3): Immunohistochemistry supports the previous diagnosis of lymphoplasmacytic enteritis with intraepithelial lymphocytes.\nThere is no evidence of neoplasia in these sections."": 1, ""Stomach: Mild, multifocal, chronic, lymphoplasmacytic gastritis\r\nDuodenum: Mild, diffuse, chronic, lymphoplasmacytic enteritis\r\nJejunum: Mild, diffuse, chronic, lymphoplasmacytic enteritis\r"": 1, ""Stomach: Intraluminal helicobacter-like organisms\r\nDuodenum: Mild, diffuse lymphoplasmacytic enteritis with multifocal intraepithelial lymphocytosis\r\nJejunum: Minimal, diffuse, lymphoplasmacytic enteritis with intraepithelial lymphocytosis\r"": 1, ""Duodenum and jejunum: Mild, diffuse, chronic, lymphoplasmacytic enteritis with intraepithelial lymphocytosis\nIleum: Within normal limits\nStomach: Within normal limits\nColon: Within normal limits\nIHC (CD3): Additional immunohistochemistry highlights the prominent intraepithelial T lymphocytes with multifocal cluster formation\r\nbut without overt nests and plaques."": 1, ""Stomach: Within normal limits\nDuodenum: Mild, diffuse, chronic lymphoplasmacytic enteritis with intraepithelial lymphocytosis (see comment)\nJejunum: Alimentary lymphoma  small cell, epitheliotropic\nColon: Mild, diffuse, chronic lymphoplasmacytic and histiocytic colitis"": 1, ""Duodenum, jejunum, ileum: Alimentary lymphoma, small cell, low grade, epitheliotropic\r\nStomach: Mild, multifocal, acute edema\r\nColon: Within normal limits\r"": 1, ""Duodenum, jejunum: Alimentary, epitheliotropic, small cell lymphoma, low-grade\r\nStomach: Minimal, multifocal, lymphoplasmacytic infiltrates and mucosa edema\r"": 1, ""Duodenum, jejunum: Alimentary, epitheliotropic, small cell lymphoma\r\nStomach: Minimal, multifocal, lymphocytic infiltrates and mucosa edema\r"": 1, ""Jejunum: Alimentary, epitheliotropic, small cell lymphoma\r\nStomach: Moderate, chronic lymphoplasmacytic and eosinophilic gastritis with lymphoid hyperplasia and periglandular fibrosis\r\nDuodenum: Mild to moderate, chronic, lymphoplasmacytic enteritis\r\nColon: Mild, lymphoplasmacytic colitis with edema\r"": 1, ""Duodenum and jejunum: Alimentary lymphoma, epitheliotropic, small-cell, low-grade\r\nStomach: Within normal limits"": 1, ""Stomach: Alimentary lymphoma, epitheliotropic, small cell, low grade\r\nDuodenum: Alimentary lymphoma, epitheliotropic, small cell, low grade with mucosal ulcerations\r\nJejunum: Alimentary lymphoma, epitheliotropic, small cell, low grade"": 1, ""Duodenum: Alimentary lymphoma, small cell, epitheliotropic\r\nJejunum: Alimentary lymphoma, small cell, epitheliotropic\r\nWorm per cassette: Alimentary lymphoma, small cell, epitheliotropic\r\nStomach: Mild, multifocal, acute edema with Helicobacter-like organism colonization\r"": 1, ""Duodenum: Moderate to severe, multifocal villus atrophy, crypt epithelial cell hyperplasia, mucosal ulceration, epithelial remodeling, capillary hemorrhage and fibrin exudation\r\nJejunum: Mild, mucosal ulceration, epithelial remodeling with microhemorrhage, fibrin exudation, and neutrophilic infiltrates\r\nStomach: Within normal limits\r"": 1, ""Stomach: Mild, multifocal lymphoplasmacytic gastritis with intraepithelial lymphocytosis and a focal intraepithelial nest\r\nDuodenum: Alimentary lymphoma, small cell, low grade, epitheliotropic\r\nJejunum: Alimentary lymphoma, small cell, low grade, epitheliotropic\r\n"": 1, ""Duodenum: Concern for epitheliotropic alimentary lymphoma, see comment\nJejunum: Mild, diffuse, chronic, lymphoplasmacytic enteritis with increased intraepithelial lymphocytes (see comment)\nStomach: Moderate, multifocal, chronic lymphoplasmacytic gastritis\nIHC:\nCD3 (T lymphocytes): Lymphocytes multifocally infiltrating the mucosal epithelium of villus tips in scattered nests and\nplaques show strong membranous immunoreactivity.\nPax-5 (B lymphocytes): There is no immunoreactivity in the sections.\n\n\n"": 1, ""Duodenum: Moderate, diffuse, lymphoplasmacytic enteritis with rare eosinophilic infiltrates\r\nJejunum: Moderate, diffuse, lymphoplasmacytic enteritis with rare eosinophilic infiltrates\r\nStomach Mild, multifocal, Helicobacter-like organisms\r"": 1, ""Duodenum: Alimentary lymphoma, small-cell, low-grade, epitheliotropic\r\nStomach: Mild, chronic, multifocal, lymphocytic gastritis\r\n"": 1, ""Stomach: Mild, chronic, lymphoplasmacytic gastritis\r\nJejunum: Moderate, chronic, lymphoplasmacytic and eosinophilic enteritis with mild intraepithelial lymphocytosis and mid-mucosal linear fibrosis\r\nDuodenum: Mild, chronic, lymphoplasmacytic enteritis with mid-mucosal linear fibrosis with mild intraepithelial lymphocytosis\r\n"": 1, ""Duodenum: Severe lymphoplasmacytic lamina propria infiltrates with intraepithelial lymphocytosis and rare nests and\nplaques (see comment)\nJejunum: Severe lymphoplasmacytic lamina propria infiltrates with intraepithelial lymphocytosis (see comment)\nStomach: Mild Helicobacter-like organism colonization\nIHC: Duodenum and jejunum: Epitheliotropic, small-cell, T-cell lymphoma\nCD3, for T-cell lymphocytes: Over 90% of the lamina propria is expanded by sheets of neoplastic round cells that frequently form plaques and nests within the villus epithelium. Neoplastic round cells diffusely display strong membranous immunolabeling. Nuclei of immunolabeled cells are 1x the diameter of an erythrocyte. \nCD20, for B-cell lymphocytes: Approximately 20% of cells within the lamina propria multifocally display strong\r\nmembranous immunolabeling."": 1, ""Duodenum: Moderate, diffuse, chronic, lymphoplasmacytic enteritis with villus blunting and fusion and rare eosinophilic infiltrates\r\nJejunum: Mild to moderate, multifocal to coalescing, chronic, lymphoplasmacytic enteritis with rare eosinophilic infiltrates\r\nColon: Mild, multifocal to coalescing, chronic, lymphoplasmacytic colitis\r\nStomach: Mild, multifocal to coalescing, chronic, lymphoplasmacytic gastritis with superficial mucosal edema\r\n"": 1, ""Duodenum: Mild, multifocal to coalescing, subacute, lymphoplasmacytic enteritis\nJejunum: Mild to moderate, multifocal to coalescing, subacute, lymphoplasmacytic enteritis with rare eosinophils\nStomach: Within normal limits"": 1, ""Duodenum: Alimentary lymphoma, small cell, epitheliotropic\r\nJejunum: Alimentary lymphoma, small cell, epitheliotropic \r\nStomach: Mild, multifocal, chronic lymphoplasmacytic infiltrates with edema\r"": 1, ""Duodenum and jejunum: Alimentary lymphoma, small cell, low grade, epitheliotropic\nStomach: Mild, multifocal, lymphoplasmacytic gastritis with edema"": 1, ""Duodenum and jejunum: Alimentary lymphoma, small cell, low grade, epitheliotropic\r\nStomach: Within normal limits"": 1}",,,,,,
shorthand dx,shorthand_dx,other,excluded,False,excluded_diagnosis_label,108,0,0.0,2,"{""low grade lymphoma"": 74, ""IBD"": 34}",,,,,,
Treatment,Treatment,other,excluded,False,excluded_post_diagnostic_treatment,108,2,0.018518518518518517,21,"{""prednisolone, chlorambucil"": 59, ""prednisolone"": 14, ""prednisolone, chlorambucil-->cyclophosphamide"": 5, ""hydrolyzed diet"": 4, ""prenisolone, chlorambucil"": 4, ""hydrolyzed diet, prednisolone"": 3, ""budesonide"": 2, ""NaN"": 2, ""budesonide, chlorambucil"": 2, ""chlorambucil, prednisolone"": 1, ""sucralfate, omeprazole 1 month; HA diet - no response, started prednisolone"": 1, ""hydrolyzed diet, probiotics (proviable)"": 1, ""easily digestible diet, antiemetics"": 1, ""hydrolyzed diet, budesonide"": 1, ""hydroylzed diet, antiemetics"": 1, ""easily digestible diet, probiotics (proviable)"": 1, ""easily digestible diet"": 1, ""cyclophosphamide"": 1, ""easily digestible diet "": 1, ""unable to medicate"": 1, ""prednisolone, probiotics (visbiome)"": 1, ""diet"": 1}",,,,,,
Response,Response,other,excluded,False,excluded_post_diagnostic_response,108,0,0.0,19,"{""clinically well controlled"": 90, ""12/20/24"": 1, ""5/5/25"": 1, ""6/4/24 - renal disease"": 1, ""clinically well controlled (did not respond to chlorambucil, owner cannot administer prednisolone)"": 1, ""7/19/25"": 1, ""9/9/24 - AKI"": 1, ""3/24/25"": 1, ""9/22/25 - adrenal tumor"": 1, ""6/27/25"": 1, ""6/11/24 - unknown cause"": 1, ""4/24/25 - systemic mast cell neoplasia"": 1, ""10/31/24 - AKI"": 1, ""8/19/24 - cardiac"": 1, ""11/17/25 but FIV+"": 1, ""11/21/25 - pulmonary carcinoma"": 1, ""12/22/25"": 1, ""9/9/25 - oral squamous cell carcinoma"": 1, ""2/9/26 - renal large cell lymphoma"": 1}",,,,,,
Current Status,Current_Status,other,excluded,False,excluded_post_diagnostic_status,108,1,0.009259259259259259,18,"{""8/22/2026"": 90, ""12/20/24"": 1, ""5/5/25"": 1, ""6/2/24"": 1, ""7/19/25"": 1, ""9/9/24"": 1, ""3/24/25"": 1, ""9/22/25"": 1, ""6/27/25"": 1, ""6/11/24"": 1, ""4/24/25"": 1, ""10/31/24"": 1, ""8/19/24"": 1, ""11/17/25"": 1, ""11/21/25"": 1, ""12/22/25"": 1, ""9/9/25"": 1, ""2/9/26"": 1, ""NaN"": 1}",,,,,,
target,target,other,excluded,False,excluded_target,108,0,0.0,2,"{""1"": 74, ""0"": 34}",,,,,74.0,0.6851851851851852
cobalamin_low,cobalamin_low,GI panel,binary,True,included,108,18,0.16666666666666666,2,"{""0.0"": 56, ""1.0"": 34, ""NaN"": 18}",,,,,34.0,0.37777777777777777
folate_high,folate_high,GI panel,binary,True,included,108,18,0.16666666666666666,2,"{""0.0"": 59, ""1.0"": 31, ""NaN"": 18}",,,,,31.0,0.34444444444444444
folate_low,folate_low,GI panel,binary,True,included,108,18,0.16666666666666666,2,"{""0.0"": 85, ""NaN"": 18, ""1.0"": 5}",,,,,5.0,0.05555555555555555
tli_high,tli_high,GI panel,binary,True,included,108,21,0.19444444444444445,2,"{""0.0"": 60, ""1.0"": 27, ""NaN"": 21}",,,,,27.0,0.3103448275862069
tli_low,tli_low,GI panel,binary,False,excluded_no_variation_after_missingness_correction,108,21,0.19444444444444445,1,"{""0.0"": 87, ""NaN"": 21}",,,,,0.0,0.0
pli_abn,pli_abn,GI panel,binary,True,included,108,22,0.2037037037037037,2,"{""0.0"": 71, ""NaN"": 22, ""1.0"": 15}",,,,,15.0,0.1744186046511628
male,male,other,excluded,False,excluded_invalid_constant_from_ambiguous_gender_codes,108,0,0.0,1,"{""0"": 108}",,,,,0.0,0.0
breed_group,breed_group,demographic,categorical,True,included,108,0,0.0,4,"{""DSH"": 71, ""other"": 18, ""DLH"": 10, ""DMH"": 9}",,,,,,
procedure_clean,procedure_clean,other,excluded,False,excluded_procedure_choice_may_encode_clinician_suspicion,108,0,0.0,2,"{""upper"": 83, ""other"": 25}",,,,,,
clinical signs_tokens,clinical_signs_tokens,clinical signs,excluded,False,excluded_token_helper_column,108,0,0.0,16,"{""['vomiting', 'weight loss']"": 19, ""['vomiting']"": 17, ""['weight loss']"": 14, ""['vomiting', 'diarrhea', 'weight loss']"": 12, ""['vomiting', 'diarrhea']"": 7, ""['none']"": 7, ""['diarrhea']"": 7, ""['diarrhea', 'weight loss']"": 6, ""['hyporexia', 'weight loss']"": 4, ""['vomiting', 'hyporexia']"": 4, ""['vomiting', 'hairball obstruction']"": 3, ""['hyporexia']"": 3, ""['vomiting', 'hyporexia', 'weight loss']"": 2, ""['vomiting', 'diarrhea', 'hyporexia']"": 1, ""['vomiting', 'constipation']"": 1, ""['diarrhea', 'hyporexia', 'weight loss']"": 1}",,,,,,
clinical signs_none,clinical_signs_none_reported,clinical signs,binary,True,included,108,0,0.0,2,"{""0"": 101, ""1"": 7}",,,,,7.0,0.06481481481481481
clinical signs_vomiting,clinical_signs_vomiting,clinical signs,binary,True,included,108,0,0.0,2,"{""1"": 66, ""0"": 42}",,,,,66.0,0.6111111111111112
clinical signs_diarrhea,clinical_signs_diarrhea,clinical signs,binary,True,included,108,0,0.0,2,"{""0"": 74, ""1"": 34}",,,,,34.0,0.3148148148148148
clinical signs_hyporexia,clinical_signs_hyporexia,clinical signs,binary,True,included,108,0,0.0,2,"{""0"": 93, ""1"": 15}",,,,,15.0,0.1388888888888889
clinical signs_weight loss,clinical_signs_weight_loss,clinical signs,binary,True,included,108,0,0.0,2,"{""1"": 58, ""0"": 50}",,,,,58.0,0.5370370370370371
clinical signs_hairball obstruction,clinical_signs_hairball_obstruction,clinical signs,binary,True,included,108,0,0.0,2,"{""0"": 105, ""1"": 3}",,,,,3.0,0.027777777777777776
clinical signs_constipation,clinical_signs_constipation,clinical signs,binary,True,included,108,0,0.0,2,"{""0"": 107, ""1"": 1}",,,,,1.0,0.009259259259259259
AUS_tokens,AUS_tokens,AUS,excluded,False,excluded_token_helper_column,108,0,0.0,56,"{""['duodenum', 'jejunum']"": 11, ""['duodenum', 'jejunum', 'ileum', 'mesenteric lymphadenopathy']"": 6, ""['jejunum', 'mesenteric lymphadenopathy']"": 5, ""['duodenum', 'jejunum', 'enlarged pancreas']"": 4, ""['duodenum', 'jejunum', 'mesenteric lymphadenopathy']"": 4, ""['duodenum', 'jejunum', 'ileum', 'mesenteric lymphadenopathy', 'enlarged pancreas']"": 4, ""['no abnormalities']"": 4, ""['duodenum']"": 3, ""['ileus']"": 3, ""['duodenum', 'enlarged pancreas', 'gall bladder sludge']"": 3, ""['duodenum', 'jejunum', 'ileum']"": 3, ""['duodenum', 'mesenteric lymphadenopathy']"": 2, ""['mesenteric lymphadenopathy']"": 2, ""['duodenum', 'jejunum', 'mesenteric lymphadenopathy', 'chronic degenerative renal changes', 'splenomegaly']"": 2, ""['duodenum', 'jejunum', 'enlarged pancreas', 'splenomegaly']"": 2, ""['duodenum', 'chronic degenerative renal changes', 'enlarged pancreas']"": 2, ""['duodenum', 'mesenteric lymphadenopathy', 'enlarged pancreas']"": 2, ""['duodenum', 'jejunum', 'mesenteric lymphadenopathy', 'enlarged pancreas']"": 2, ""['jejunum']"": 2, ""['duodenum', 'jejunum', 'ileum', 'colon', 'mesenteric lymphadenopathy']"": 2, ""['duodenum', 'jejunum', 'mesenteric lymphadenopathy', 'splenomegaly']"": 2, ""['jejunum', 'ileum', 'mesenteric lymphadenopathy', 'enlarged pancreas']"": 2, ""['duodenum', 'jejunum', 'mesenteric lymphadenopathy', 'gall bladder sludge']"": 2, ""['gall bladder sludge']"": 2, ""['jejunum', 'ileus']"": 1, ""['duodenum', 'jejunum', 'ileus']"": 1, ""['mesenteric lymphadenopathy', 'ileus']"": 1, ""['duodenum', 'ileus']"": 1, ""['jejunum', 'chronic degenerative renal changes']"": 1, ""['duodenum', 'chronic degenerative renal changes']"": 1, ""['duodenum', 'mesenteric lymphadenopathy', 'splenomegaly']"": 1, ""['duodenum', 'jejunum', 'ileum', 'colon']"": 1, ""['colon', 'mesenteric lymphadenopathy']"": 1, ""['enlarged pancreas']"": 1, ""['duodenum', 'jejunum', 'chronic degenerative renal changes', 'enlarged pancreas']"": 1, ""['duodenum', 'gall bladder sludge']"": 1, ""['duodenum', 'jejunum', 'colon']"": 1, ""['jejunum', 'splenomegaly', 'gall bladder sludge']"": 1, ""['jejunum', 'ileum', 'mesenteric lymphadenopathy']"": 1, ""['duodenum', 'jejunum', 'mesenteric lymphadenopathy', 'chronic degenerative renal changes']"": 1, ""['jejunum', 'mesenteric lymphadenopathy', 'enlarged pancreas', 'splenomegaly']"": 1, ""['duodenum', 'jejunum', 'ileum', 'colon', 'gall bladder sludge']"": 1, ""['jejunum', 'mesenteric lymphadenopathy', 'chronic degenerative renal changes']"": 1, ""['jejunum', 'mesenteric lymphadenopathy', 'chronic degenerative renal changes', 'gall bladder sludge']"": 1, ""['mesenteric lymphadenopathy', 'chronic degenerative renal changes']"": 1, ""['duodenum', 'jejunum', 'ileum', 'gall bladder sludge']"": 1, ""['duodenum', 'ileum']"": 1, ""['duodenum', 'jejunum', 'ileum', 'mesenteric lymphadenopathy', 'gall bladder sludge']"": 1, ""['duodenum', 'ileum', 'colon', 'splenomegaly', 'gall bladder sludge']"": 1, ""['jejunum', 'colon', 'mesenteric lymphadenopathy']"": 1, ""['duodenum', 'jejunum', 'colon', 'mesenteric lymphadenopathy', 'chronic degenerative renal changes']"": 1, ""['duodenum', 'ileum', 'colon', 'mesenteric lymphadenopathy', 'gall bladder sludge']"": 1, ""['ileum', 'colon', 'enlarged pancreas', 'splenomegaly']"": 1, ""['duodenum', 'enlarged pancreas']"": 1, ""['jejunum', 'mesenteric lymphadenopathy', 'splenomegaly', 'gall bladder sludge']"": 1, ""['duodenum', 'jejunum', 'mesenteric lymphadenopathy', 'enlarged pancreas', 'splenomegaly', 'gall bladder sludge']"": 1}",,,,,,
AUS_no abnormalities,AUS_no_abnormalities,AUS,binary,True,included,108,0,0.0,2,"{""0"": 104, ""1"": 4}",,,,,4.0,0.037037037037037035
AUS_duodenum,AUS_duodenal_thickening,AUS,binary,True,included,108,0,0.0,2,"{""1"": 74, ""0"": 34}",,,,,74.0,0.6851851851851852
AUS_jejunum,AUS_jejunal_thickening,AUS,binary,True,included,108,0,0.0,2,"{""1"": 72, ""0"": 36}",,,,,72.0,0.6666666666666666
AUS_ileum,AUS_ileal_thickening,AUS,binary,True,included,108,0,0.0,2,"{""0"": 82, ""1"": 26}",,,,,26.0,0.24074074074074073
AUS_colon,AUS_colonic_thickening,AUS,binary,True,included,108,0,0.0,2,"{""0"": 97, ""1"": 11}",,,,,11.0,0.10185185185185185
AUS_mesenteric lymphadenopathy,AUS_mesenteric_lymphadenopathy,AUS,binary,True,included,108,0,0.0,2,"{""0"": 56, ""1"": 52}",,,,,52.0,0.48148148148148145
AUS_chronic degenerative renal changes,AUS_chronic_degenerative_renal_changes,AUS,binary,True,included,108,0,0.0,2,"{""0"": 96, ""1"": 12}",,,,,12.0,0.1111111111111111
AUS_enlarged pancreas,AUS_enlarged_pancreas,AUS,binary,True,included,108,0,0.0,2,"{""0"": 81, ""1"": 27}",,,,,27.0,0.25
AUS_splenomegaly,AUS_splenomegaly,AUS,binary,True,included,108,0,0.0,2,"{""0"": 95, ""1"": 13}",,,,,13.0,0.12037037037037036
AUS_ileus,AUS_ileus,AUS,binary,True,included,108,0,0.0,2,"{""0"": 101, ""1"": 7}",,,,,7.0,0.06481481481481481
AUS_gall bladder sludge,AUS_gall_bladder_sludge,AUS,binary,True,included,108,0,0.0,2,"{""0"": 91, ""1"": 17}",,,,,17.0,0.1574074074074074
CBC_tokens,CBC_tokens,CBC,excluded,False,excluded_token_helper_column,108,0,0.0,18,"{""['no abnormalities']"": 79, ""['monocytosis']"": 7, ""['eosinophilia']"": 3, ""['lymphocytosis']"": 2, ""['anemia']"": 2, ""['neutropenia', 'lymphopenia']"": 2, ""['lymphopenia']"": 2, ""['eosinophilia', 'basophilia']"": 1, ""['basophilia', 'monocytosis']"": 1, ""['neutropenia', 'monocytosis', 'anemia']"": 1, ""['neutropenia']"": 1, ""['basocytosis', 'lymphopenia']"": 1, ""['eosinophilia', 'monocytosis']"": 1, ""['eosinopenia', 'lymphopenia']"": 1, ""['eosinophilia', 'basophilia', 'monocytosis']"": 1, ""['neutrophilia']"": 1, ""['basophilia']"": 1, ""['neutrophilia', 'eosinophilia', 'basophilia', 'monocytosis']"": 1}",,,,,,
CBC_no abnormalities,CBC_no_abnormalities,CBC,binary,True,included,108,0,0.0,2,"{""1"": 79, ""0"": 29}",,,,,79.0,0.7314814814814815
CBC_neutrophilia,CBC_neutrophilia,CBC,binary,True,included,108,0,0.0,2,"{""0"": 106, ""1"": 2}",,,,,2.0,0.018518518518518517
CBC_neutropenia,CBC_neutropenia,CBC,binary,True,included,108,0,0.0,2,"{""0"": 104, ""1"": 4}",,,,,4.0,0.037037037037037035
CBC_eosinophilia,CBC_eosinophilia,CBC,binary,True,included,108,0,0.0,2,"{""0"": 101, ""1"": 7}",,,,,7.0,0.06481481481481481
CBC_eosinopenia,CBC_eosinopenia,CBC,binary,True,included,108,0,0.0,2,"{""0"": 107, ""1"": 1}",,,,,1.0,0.009259259259259259
CBC_basophilia,CBC_basophilia,CBC,binary,True,included,108,0,0.0,2,"{""0"": 103, ""1"": 5}",,,,,5.0,0.046296296296296294
CBC_basocytosis,CBC_basocytosis,CBC,binary,True,included,108,0,0.0,2,"{""0"": 107, ""1"": 1}",,,,,1.0,0.009259259259259259
CBC_lymphocytosis,CBC_lymphocytosis,CBC,binary,True,included,108,0,0.0,2,"{""0"": 106, ""1"": 2}",,,,,2.0,0.018518518518518517
CBC_lymphopenia,CBC_lymphopenia,CBC,binary,True,included,108,0,0.0,2,"{""0"": 102, ""1"": 6}",,,,,6.0,0.05555555555555555
CBC_monocytosis,CBC_monocytosis,CBC,binary,True,included,108,0,0.0,2,"{""0"": 96, ""1"": 12}",,,,,12.0,0.1111111111111111
CBC_anemia,CBC_anemia,CBC,binary,True,included,108,0,0.0,2,"{""0"": 105, ""1"": 3}",,,,,3.0,0.027777777777777776
chem_tokens,chem_tokens,chemistry,excluded,False,excluded_token_helper_column,108,0,0.0,23,"{""['no abnormalities']"": 64, ""['azotemia']"": 11, ""['elevated alt']"": 5, ""['hyperproteinemia']"": 4, ""['hypoproteinemia']"": 3, ""['discordantly elevated bun']"": 2, ""['hypoproteinemia', 'azotemia']"": 2, ""['hypokalemia', 'hypophosphatemia']"": 2, ""['hypoproteinemia', 'decreased alt']"": 1, ""['hyperglycemia', 'hypokalemia']"": 1, ""['elevated alt', 'elevated ast', 'elevated total bilirubin']"": 1, ""['azotemia', 'hypokalemia']"": 1, ""['hyperproteinemia', 'hypercholesterolemia']"": 1, ""['hyperglycemia']"": 1, ""['elevated ast']"": 1, ""['azotemia', 'hypercalcemia']"": 1, ""['hypokalemia']"": 1, ""['hyperproteinemia', 'azotemia']"": 1, ""['elevated alt', 'elevated total bilirubin', 'azotemia']"": 1, ""['hyperproteinemia', 'elevated alt', 'hypokalemia']"": 1, ""['elevated alt', 'azotemia']"": 1, ""['elevated alp']"": 1, ""['decreased alt']"": 1}",,,,,,
chem_no abnormalities,chem_no_abnormalities,chemistry,binary,True,included,108,0,0.0,2,"{""1"": 64, ""0"": 44}",,,,,64.0,0.5925925925925926
chem_hypoproteinemia,chem_hypoproteinemia,chemistry,binary,True,included,108,0,0.0,2,"{""0"": 102, ""1"": 6}",,,,,6.0,0.05555555555555555
chem_hyperproteinemia,chem_hyperproteinemia,chemistry,binary,True,included,108,0,0.0,2,"{""0"": 101, ""1"": 7}",,,,,7.0,0.06481481481481481
chem_decreased alt,chem_decreased_ALT,chemistry,binary,True,included,108,0,0.0,2,"{""0"": 106, ""1"": 2}",,,,,2.0,0.018518518518518517
chem_elevated alt,chem_elevated_ALT,chemistry,binary,True,included,108,0,0.0,2,"{""0"": 99, ""1"": 9}",,,,,9.0,0.08333333333333333
chem_elevated ast,chem_elevated_AST,chemistry,binary,True,included,108,0,0.0,2,"{""0"": 106, ""1"": 2}",,,,,2.0,0.018518518518518517
chem_elevated alp,chem_elevated_ALP,chemistry,binary,True,included,108,0,0.0,2,"{""0"": 107, ""1"": 1}",,,,,1.0,0.009259259259259259
chem_elevated total bilirubin,chem_elevated_total_bilirubin,chemistry,binary,True,included,108,0,0.0,2,"{""0"": 106, ""1"": 2}",,,,,2.0,0.018518518518518517
chem_azotemia,chem_azotemia,chemistry,binary,True,included,108,0,0.0,2,"{""0"": 90, ""1"": 18}",,,,,18.0,0.16666666666666666
chem_discordantly elevated bun,chem_discordantly_elevated_BUN,chemistry,binary,True,included,108,0,0.0,2,"{""0"": 106, ""1"": 2}",,,,,2.0,0.018518518518518517
chem_hyperglycemia,chem_hyperglycemia,chemistry,binary,True,included,108,0,0.0,2,"{""0"": 106, ""1"": 2}",,,,,2.0,0.018518518518518517
chem_hypercholesterolemia,chem_hypercholesterolemia,chemistry,binary,True,included,108,0,0.0,2,"{""0"": 107, ""1"": 1}",,,,,1.0,0.009259259259259259
chem_hypercalcemia,chem_hypercalcemia,chemistry,binary,True,included,108,0,0.0,2,"{""0"": 107, ""1"": 1}",,,,,1.0,0.009259259259259259
chem_hypokalemia,chem_hypokalemia,chemistry,binary,True,included,108,0,0.0,2,"{""0"": 102, ""1"": 6}",,,,,6.0,0.05555555555555555
chem_hypophosphatemia,chem_hypophosphatemia,chemistry,binary,True,included,108,0,0.0,2,"{""0"": 106, ""1"": 2}",,,,,2.0,0.018518518518518517
