combination_size,top_n,feature,display_name,count,fraction_of_top_n
2,20,age,age,7,0.35
2,20,breed_group,breed_group,6,0.3
2,20,CBC_neutrophilia,CBC_neutrophilia,4,0.2
2,20,chem_hyperproteinemia,chem_hyperproteinemia,4,0.2
2,20,AUS_enlarged pancreas,AUS_enlarged_pancreas,4,0.2
2,20,tli_high,tli_high,3,0.15
2,20,clinical signs_hyporexia,clinical_signs_hyporexia,2,0.1
2,20,CBC_basophilia,CBC_basophilia,2,0.1
2,20,chem_decreased alt,chem_decreased_ALT,2,0.1
2,20,AUS_duodenum,AUS_duodenal_thickening,1,0.05
2,20,folate_high,folate_high,1,0.05
2,20,AUS_splenomegaly,AUS_splenomegaly,1,0.05
2,20,chem_discordantly elevated bun,chem_discordantly_elevated_BUN,1,0.05
2,20,AUS_gall bladder sludge,AUS_gall_bladder_sludge,1,0.05
2,20,CBC_lymphopenia,CBC_lymphopenia,1,0.05
2,100,age,age,45,0.45
2,100,AUS_enlarged pancreas,AUS_enlarged_pancreas,15,0.15
2,100,breed_group,breed_group,14,0.14
2,100,chem_hyperproteinemia,chem_hyperproteinemia,12,0.12
2,100,tli_high,tli_high,10,0.1
2,100,CBC_neutrophilia,CBC_neutrophilia,7,0.07
2,100,chem_discordantly elevated bun,chem_discordantly_elevated_BUN,7,0.07
2,100,chem_decreased alt,chem_decreased_ALT,7,0.07
2,100,chem_hyperglycemia,chem_hyperglycemia,7,0.07
2,100,clinical signs_hyporexia,clinical_signs_hyporexia,6,0.06
2,100,AUS_splenomegaly,AUS_splenomegaly,5,0.05
2,100,CBC_basophilia,CBC_basophilia,4,0.04
2,100,AUS_ileus,AUS_ileus,4,0.04
2,100,CBC_eosinophilia,CBC_eosinophilia,3,0.03
2,100,CBC_anemia,CBC_anemia,3,0.03
2,100,clinical signs_vomiting,clinical_signs_vomiting,3,0.03
2,100,AUS_chronic degenerative renal changes,AUS_chronic_degenerative_renal_changes,3,0.03
2,100,AUS_duodenum,AUS_duodenal_thickening,2,0.02
2,100,folate_high,folate_high,2,0.02
2,100,AUS_gall bladder sludge,AUS_gall_bladder_sludge,2,0.02
2,100,CBC_lymphopenia,CBC_lymphopenia,2,0.02
2,100,chem_elevated alp,chem_elevated_ALP,2,0.02
2,100,AUS_jejunum,AUS_jejunal_thickening,2,0.02
2,100,clinical signs_weight loss,clinical_signs_weight_loss,2,0.02
2,100,cobalamin_low,cobalamin_low,2,0.02
2,100,chem_azotemia,chem_azotemia,2,0.02
2,100,clinical signs_diarrhea,clinical_signs_diarrhea,2,0.02
2,100,CBC_eosinopenia,CBC_eosinopenia,2,0.02
2,100,AUS_ileum,AUS_ileal_thickening,2,0.02
2,100,CBC_monocytosis,CBC_monocytosis,2,0.02
2,100,CBC_lymphocytosis,CBC_lymphocytosis,1,0.01
2,100,chem_no abnormalities,chem_no_abnormalities,1,0.01
2,100,AUS_mesenteric lymphadenopathy,AUS_mesenteric_lymphadenopathy,1,0.01
2,100,chem_hypercholesterolemia,chem_hypercholesterolemia,1,0.01
2,100,clinical signs_constipation,clinical_signs_constipation,1,0.01
2,100,pli_abn,pli_abn,1,0.01
2,100,chem_hypophosphatemia,chem_hypophosphatemia,1,0.01
2,100,chem_elevated total bilirubin,chem_elevated_total_bilirubin,1,0.01
2,100,AUS_colon,AUS_colonic_thickening,1,0.01
2,100,CBC_basocytosis,CBC_basocytosis,1,0.01
2,100,chem_hypercalcemia,chem_hypercalcemia,1,0.01
2,100,CBC_no abnormalities,CBC_no_abnormalities,1,0.01
2,100,clinical signs_hairball obstruction,clinical_signs_hairball_obstruction,1,0.01
2,100,AUS_no abnormalities,AUS_no_abnormalities,1,0.01
2,100,chem_elevated alt,chem_elevated_ALT,1,0.01
2,100,chem_elevated ast,chem_elevated_AST,1,0.01
2,100,chem_hypoproteinemia,chem_hypoproteinemia,1,0.01
2,100,clinical signs_none,clinical_signs_none_reported,1,0.01
2,100,chem_hypokalemia,chem_hypokalemia,1,0.01
3,20,breed_group,breed_group,20,1.0
3,20,AUS_enlarged pancreas,AUS_enlarged_pancreas,7,0.35
3,20,tli_high,tli_high,5,0.25
3,20,chem_no abnormalities,chem_no_abnormalities,5,0.25
3,20,folate_high,folate_high,4,0.2
3,20,AUS_duodenum,AUS_duodenal_thickening,3,0.15
3,20,clinical signs_weight loss,clinical_signs_weight_loss,3,0.15
3,20,cobalamin_low,cobalamin_low,2,0.1
3,20,pli_abn,pli_abn,2,0.1
3,20,clinical signs_diarrhea,clinical_signs_diarrhea,2,0.1
3,20,clinical signs_hyporexia,clinical_signs_hyporexia,2,0.1
3,20,AUS_ileum,AUS_ileal_thickening,1,0.05
3,20,chem_azotemia,chem_azotemia,1,0.05
3,20,CBC_no abnormalities,CBC_no_abnormalities,1,0.05
3,20,AUS_jejunum,AUS_jejunal_thickening,1,0.05
3,20,AUS_mesenteric lymphadenopathy,AUS_mesenteric_lymphadenopathy,1,0.05
3,100,breed_group,breed_group,89,0.89
3,100,AUS_duodenum,AUS_duodenal_thickening,22,0.22
3,100,AUS_enlarged pancreas,AUS_enlarged_pancreas,20,0.2
3,100,tli_high,tli_high,15,0.15
3,100,folate_high,folate_high,15,0.15
3,100,pli_abn,pli_abn,10,0.1
3,100,chem_no abnormalities,chem_no_abnormalities,10,0.1
3,100,clinical signs_weight loss,clinical_signs_weight_loss,10,0.1
3,100,chem_azotemia,chem_azotemia,10,0.1
3,100,clinical signs_hyporexia,clinical_signs_hyporexia,10,0.1
3,100,AUS_splenomegaly,AUS_splenomegaly,10,0.1
3,100,AUS_ileum,AUS_ileal_thickening,8,0.08
3,100,cobalamin_low,cobalamin_low,8,0.08
3,100,age,age,8,0.08
3,100,clinical signs_vomiting,clinical_signs_vomiting,7,0.07
3,100,AUS_jejunum,AUS_jejunal_thickening,5,0.05
3,100,CBC_basophilia,CBC_basophilia,5,0.05
3,100,clinical signs_diarrhea,clinical_signs_diarrhea,4,0.04
3,100,AUS_mesenteric lymphadenopathy,AUS_mesenteric_lymphadenopathy,4,0.04
3,100,CBC_neutrophilia,CBC_neutrophilia,4,0.04
3,100,CBC_no abnormalities,CBC_no_abnormalities,3,0.03
3,100,CBC_monocytosis,CBC_monocytosis,3,0.03
3,100,CBC_eosinophilia,CBC_eosinophilia,3,0.03
3,100,chem_discordantly elevated bun,chem_discordantly_elevated_BUN,2,0.02
3,100,clinical signs_none,clinical_signs_none_reported,2,0.02
3,100,chem_hyperproteinemia,chem_hyperproteinemia,2,0.02
3,100,AUS_chronic degenerative renal changes,AUS_chronic_degenerative_renal_changes,2,0.02
3,100,folate_low,folate_low,1,0.01
3,100,AUS_no abnormalities,AUS_no_abnormalities,1,0.01
3,100,chem_decreased alt,chem_decreased_ALT,1,0.01
3,100,AUS_ileus,AUS_ileus,1,0.01
3,100,clinical signs_constipation,clinical_signs_constipation,1,0.01
3,100,chem_hyperglycemia,chem_hyperglycemia,1,0.01
3,100,chem_hypokalemia,chem_hypokalemia,1,0.01
3,100,CBC_lymphopenia,CBC_lymphopenia,1,0.01
3,100,AUS_colon,AUS_colonic_thickening,1,0.01
