permutation,G_max_1,G_max_2,G_max_3
1,5.51317786106937,16.20847180422509,25.16533641417699
2,5.51317786106937,11.7117871255528,26.561727422218638
3,7.355243721209009,19.10666850240409,38.295906752577345
4,7.123362529931656,16.08804293627402,38.34962032893596
5,8.361905926097032,16.74240846309291,33.652032514077284
6,5.956657419437395,16.913784989089635,31.21312685876715
7,5.216306807051382,17.851292677854786,30.544602782507045
8,7.098840040832814,19.159980584503234,34.54830935600836
9,5.059156226114787,16.243787381133636,32.29367055664875
10,9.994774595824003,20.878497512312123,40.33780915705227
11,7.744239098582623,14.671531801889076,28.922560219738692
12,5.51317786106937,13.025899889085398,30.728886650473765
13,7.355243721209009,16.116461436901453,26.34195926249608
14,14.531595534787797,19.862458531392818,31.878055850631824
15,5.322614299009369,16.92260151303085,35.39415192232936
16,4.705839212356734,13.850481673682742,30.924222452778512
17,5.51317786106937,11.498141204775187,25.938094595677082
18,8.460864774845398,15.152447409271216,29.413868187709667
19,4.705839212356734,11.218005661594578,25.271617255153465
20,5.159205344438139,16.90487542645143,25.978465281606347
21,2.804212718805813,13.664433451556725,26.622060060070574
22,4.705839212356734,13.200497658382632,25.914944311178544
23,7.638240210906074,19.598684902680702,32.81241816946659
24,10.396935801604815,18.246925145836222,27.949736320426755
25,5.226193645876924,15.642946464941296,33.94442237541648
26,4.705839212356734,10.641448411106667,25.70384990561663
27,3.0947381301190995,13.088810947695173,29.109759681563446
28,5.51317786106937,14.55451904924373,26.755704826826303
29,9.74852224838114,20.63758728945549,29.64997924624582
30,6.374655008650361,14.121038269869356,28.34037177397288
31,6.0467498632827095,19.63377205697095,33.17956721475004
32,5.698234209477395,17.24471641366771,30.221874247149454
33,4.95970738462254,13.965051400786574,27.935103436636297
34,4.705839212356734,12.922311315817842,26.50645576617113
35,5.51317786106937,10.628713289655543,25.10984193338258
36,5.51317786106937,18.440836658438318,30.49309133479371
37,4.868333711616456,16.37033953071206,31.01088087934137
38,7.0523656047000145,15.639320180745251,31.53527761100601
39,3.0947381301190995,16.36886731300905,30.15154457175911
40,4.697305258573536,12.593908589430558,28.042783650670415
41,10.342077830549101,21.88149454422466,33.88576182664826
42,5.956657419437395,13.672679937970987,32.84579553852355
43,5.51317786106937,19.19005865552576,33.098542550380685
44,7.355243721209009,12.797375363975892,24.06209077277819
45,5.51317786106937,19.368823388007577,38.86276745594029
46,4.705839212356734,10.678177305800045,23.345867553760918
47,9.88471338249152,18.53424600942053,35.84176758770223
48,5.71406429536988,15.040157929987863,30.32692488773852
49,5.51317786106937,16.526281564706043,28.197707851702823
50,5.266921087422933,12.856363863553765,28.042456736204507
51,8.185054666474594,17.908168428353243,31.635053290378394
52,6.374655008650361,15.494271532141726,32.25320607129702
53,5.664174854073965,14.03320131270625,29.148589854607827
54,11.472432504220068,18.948453623268993,28.802158299377616
55,5.698234209477395,13.971891287939366,25.240639863107
56,5.51317786106937,14.425445926429237,29.829299224302034
57,14.656828044752597,17.654851997275188,26.292294477019837
58,6.008689386723329,12.576370005127036,26.82823211926549
59,4.705839212356734,14.53026772458064,21.65233095226076
60,7.355243721209009,18.418587414400783,33.39621417777681
61,4.695073369955482,15.965978232328125,27.13953538209625
62,5.409585517359518,15.491378071423348,26.827649383935306
63,14.10408954806877,24.956042964606016,36.99044322720374
64,6.823323821961796,16.92158166900182,32.126537878298734
65,9.74852224838114,16.34819775858038,30.385970853390937
66,7.147090927477942,16.107065842402527,30.06500864074398
67,4.705839212356734,16.08861115748675,31.87896781716426
68,9.425474196072791,21.04528035934168,40.36382865402867
69,5.266921087422933,14.20380300873568,26.957795794693176
70,9.74852224838114,21.858569660241294,34.37860767566142
71,7.355243721209009,19.310463081192232,32.279098704578736
72,5.799025477240685,25.14087271106469,39.779748752141145
73,9.74852224838114,15.85032003048747,26.859682215957005
74,14.150035390007988,22.87342712920446,41.81361437984044
75,4.705839212356734,11.047320976648244,22.8651750536528
76,5.51317786106937,13.789051230952468,27.96909577788372
77,10.342077830549101,17.442246572435938,30.08458233604812
78,4.720311373962501,16.471391275683285,30.609399082106844
79,10.12199961601757,21.63640989121746,33.42081089514532
80,4.697305258573536,15.014871184174197,29.26819662121434
81,10.239356683991218,17.972636172384007,31.98075583653247
82,10.70818082119302,19.235252172242593,32.9885151525254
83,4.705839212356734,11.617859508087328,22.424615361452144
84,5.51317786106937,14.368359700844064,27.33963479099629
85,7.123362529931656,20.14365384512602,34.861396480520916
86,4.705839212356734,11.93469309391567,25.49642322890409
87,5.698116674493036,16.403667486116,30.67813984033131
88,5.266921087422933,12.368986990776005,31.644605968934766
89,4.697305258573536,13.352064499923076,25.184914349301078
90,9.560753710219739,16.607082855149518,28.44391284221555
91,5.4321816944338135,12.522936987210732,33.465080438621946
92,5.105602401850849,12.794295313997914,21.965701861338214
93,7.355243721209009,13.198367667537482,29.934733471917344
94,5.610865244929228,12.453380757459703,27.116939281859683
95,7.123362529931656,17.58925806961598,30.36594063292258
96,4.705839212356734,13.602916784640719,23.67811460524584
97,5.51317786106937,13.450373309685183,28.339271871776617
98,7.098840040832814,15.666070385431023,29.95314940014768
99,9.586365263256297,18.13024466899961,25.692529602634693
100,5.1762965945639685,21.56595066327624,32.89325659021077
101,7.0523656047000145,18.444842525825504,31.92889171244205
102,4.697305258573536,11.34327034993959,28.128762255148253
103,10.751789963199064,16.728747591720968,27.23431721157194
104,4.520631531183582,13.570927047453896,27.400669080344695
105,7.175326024398348,14.773329027442191,24.01997436941448
106,7.123362529931656,18.99770274435367,35.11693282257563
107,5.046297956756177,17.710352310779196,27.05844506675338
108,4.705839212356734,11.823399299429012,27.996714449928334
109,5.71406429536988,15.775628894226324,27.295427557837495
110,3.8582078436412734,14.507655399394588,21.860163696340045
111,7.123362529931656,14.441415533859436,25.834542845860778
112,12.013337268898244,20.086131910366447,37.08544687735652
113,4.705839212356734,12.280187750986025,28.854135371391344
114,4.984097347038558,19.966736220667386,30.450904156499657
115,4.604164975331964,14.861167830545568,27.500025117525347
116,7.123362529931656,17.794616690766475,28.99326673667033
117,3.6127952215053316,17.107805685397594,27.65820306778578
118,5.059156226114787,11.048708368959623,22.564420752854932
119,4.211122622100778,12.458325956214532,22.936473659445976
120,7.175326024398348,14.17317813906217,25.944708830978396
121,5.100303954755159,16.282109482714983,31.53716892519125
122,5.1125510995929275,15.98485708107367,30.350136574292417
123,9.586365263256297,14.739059158533472,35.46649238109945
124,5.51317786106937,10.447892203715545,21.497423666590485
125,5.51317786106937,15.399332614829385,34.67145123070145
126,4.840986483485638,13.706903783309091,24.68130619120006
127,5.51317786106937,17.052369095916262,31.599911968984546
128,7.123362529931656,12.328851544505797,27.614075272912142
129,7.125356653842627,23.32425077760433,36.56156370647612
130,5.337735021274049,13.372011334300762,25.92011807334746
131,5.430847977953555,18.18578640690558,31.92286506866786
132,5.146371962414685,13.79967527298345,26.10133156163401
133,9.586365263256297,17.581896348587833,25.797653355921135
134,7.414928611323688,15.1564498818462,29.283194948329403
135,6.374655008650361,17.04245843929712,31.305043351646987
136,4.705839212356734,11.249503374563119,24.285543623417446
137,8.361905926097032,25.28642950583474,33.877825199465455
138,9.682614237685357,18.865694878123335,27.54842262354496
139,9.74852224838114,19.975517720314954,32.96573391205519
140,7.355243721209009,16.7857728922011,26.88490494072324
141,5.51317786106937,21.25643392825762,37.77696566844676
142,5.51317786106937,11.746266199552812,26.63325091385913
143,10.12199961601757,17.334700011720415,30.016862410620412
144,9.240546306488536,14.666986288903184,29.577964931701715
145,5.713396733722345,17.122694006385085,28.18854980862335
146,7.123362529931656,13.175387297724118,31.152806089591124
147,4.705839212356734,13.15165949112821,25.693482767437896
148,7.123362529931656,12.096815948843002,24.030391774055115
149,5.266921087422933,12.891091535000967,32.02845803754256
150,5.51317786106937,11.013351150653866,24.286440399425935
151,9.586365263256297,14.656828044752597,24.384432543266527
152,7.175326024398348,20.01885034972364,42.88866030381367
153,9.724335609344381,23.79170488707929,36.16960200053281
154,4.520631531183582,14.429213775152324,30.55056962252165
155,5.51317786106937,16.117089963413548,29.58751336372235
156,5.51317786106937,16.619581867371803,36.53940802402198
157,5.935723888535111,11.595313380705198,22.054099051804574
158,7.201047942970622,17.71746978890871,35.65639149937367
159,8.533668934843476,15.266324709731816,25.72618483996844
160,6.0467498632827095,12.596174154781258,25.765770347769305
161,3.3284924981035457,9.621969053538555,22.371758688471367
162,6.089179001292614,17.479610718116582,34.88260633076805
163,13.563808682377509,22.060160461878375,35.77096793438787
164,13.621343160412415,27.35498614857826,38.58260250407017
165,6.089179001292614,16.22296703019856,30.895245044623152
166,4.111753817663782,17.468940798492994,36.952737058014776
167,4.705839212356734,15.497934943916093,31.762178705043954
168,4.705839212356734,11.970064708371176,25.572884654886373
169,4.697305258573536,12.820323340821806,26.053480236303898
170,4.792825289903688,20.74839526509117,29.107205027353597
171,3.4568053462015333,11.108596625148538,20.298906921923706
172,9.560753710219739,23.328700538104375,37.52706276493657
173,8.879756960291179,14.77232689795907,30.173324528874666
174,5.51317786106937,17.104199227600834,30.710399908088192
175,7.123362529931656,20.391984565351272,33.10335214174741
176,9.586365263256297,14.656828044752597,23.49928274349574
177,6.814594414002176,15.31967268420771,29.2102712820737
178,6.1116866370379785,14.00629270977157,29.407375174124144
179,7.744239098582623,24.087619455380242,35.41329130842639
180,7.210592465700568,13.4584382596151,25.333077593164827
181,4.705839212356734,16.1479543407587,31.637981477135668
182,9.74852224838114,16.00348999323146,26.954616617236177
183,4.705839212356734,16.990484339917565,31.36026437444128
184,8.052687683335465,20.991271591104187,31.739258232162552
185,9.586365263256297,14.246281590237455,26.20566435375572
186,8.359459104568208,15.983357600492427,34.35701096511319
187,7.123362529931656,12.112814105585436,29.63059968352676
188,5.489347356790354,13.823986802929525,29.618762919524737
189,7.355243721209009,17.852204789701393,27.519050875799188
190,12.096815948843002,20.59290844777769,43.10884107457669
191,4.705839212356734,12.404859322540807,24.002774788927304
192,5.159205344438139,13.636116629096215,26.87475554170039
193,6.225635583810471,14.812863588280237,27.44072513592501
194,6.225635583810471,14.888031695572415,23.694048436809943
195,5.51317786106937,15.704167264945024,30.68757096522047
196,4.172592843749767,13.300682155746292,25.087071444678124
197,4.705839212356734,16.492123236527732,30.74577610598297
198,8.795445622821614,17.526197823836462,31.17473279547541
199,7.123362529931656,17.393256047157227,31.557072737346335
200,6.3624694879100385,24.611951715045087,38.39691575954947
201,5.94594399354628,12.740906095474056,29.595769010673862
202,9.52699345197291,20.295216255448306,32.705690212720846
203,8.185054666474594,17.791616333439197,37.02936675279142
204,6.1791257415266525,16.58582978593732,28.633655311016085
205,9.20800108380041,15.829541828675772,31.025648643572776
206,6.1791257415266525,17.740755631050117,29.00449706112703
207,9.83618835982013,17.225540540332258,32.22629226996227
208,3.0947381301190995,17.87116619172182,31.60131460870822
209,5.059156226114787,15.318957258145174,25.482961298578278
210,4.705839212356734,18.762726098345844,35.610713019992545
211,7.6666716487595075,14.679320435095118,29.203595987998256
212,5.059156226114787,19.897602448849053,38.05492253466072
213,7.175326024398348,11.529708626674411,26.436170300584337
214,6.608432664077325,15.562496779326038,33.12966599709939
215,9.581103175729497,16.663116056983103,31.392267026770263
216,5.726052505978048,15.31477214766886,25.420751398576336
217,7.744239098582623,16.551536186785775,29.271653461685624
218,7.147090927477942,17.092943889559873,26.85442843861033
219,4.705839212356734,15.120903956223145,31.129326385223738
220,5.51317786106937,12.007087467340865,22.276824667376278
221,3.891237323731152,15.450284764057214,28.80233055788703
222,8.085346367535825,18.70743396167732,28.48201060635244
223,8.834257058223741,22.926663191726643,29.944889962998214
224,4.840986483485638,18.818323981332476,32.78897529044076
225,6.672253706773249,20.07200323275566,34.36191969547189
226,6.225635583810471,15.398252618542902,29.05137175518938
227,4.705839212356734,11.867602814418637,27.841004510017427
228,7.355243721209009,16.497343994853544,24.398830113668858
229,4.840986483485638,12.735937125588963,30.59692218034686
230,7.8090208303942354,14.810194137267134,35.8336240941022
231,5.159205344438139,11.047292727353293,25.253205341398566
232,3.7065018020193623,16.31685815361368,26.681643747268904
233,5.033800586540756,17.45441242951484,27.904907881676337
234,14.14268049833058,22.221596162690926,33.36728617305473
235,4.705839212356734,17.48462785673967,26.366008967973187
236,4.705839212356734,12.450985047535308,28.309693164417535
237,5.833663544112289,13.672073080950504,24.64947859949624
238,5.5868703823284225,17.59370967086325,25.23405555895691
239,4.705839212356734,15.658835048295554,38.19443815599982
240,5.51317786106937,11.27985750507995,23.471997566545898
241,5.51317786106937,14.913578412799511,27.063331811876925
242,7.201047942970622,17.16953547592762,29.019055341417808
243,6.598171421780581,13.354125735698183,28.37922266478709
244,7.175326024398348,14.04151757173971,28.352744585658108
245,8.460864774845398,18.449728032876195,32.700500364465384
246,4.200329965013634,13.9244231550133,29.931796717099843
247,4.705839212356734,12.238966657642642,34.656953690025865
248,4.705839212356734,13.36941320371799,32.022829507763504
249,6.510350508483427,24.034208433736254,39.89653970533683
250,5.046297956756177,18.45370210321409,30.34821459215149
251,6.510350508483427,17.38375345270231,28.5969745748125
252,6.608432664077325,13.142964086601566,30.23688484401226
253,7.175326024398348,15.171260523328263,33.762348145147115
254,7.3372814054876025,25.321140170132452,36.278249624175245
255,5.50161772312441,16.46558323408953,29.704003502327332
256,4.705839212356734,13.653571532507002,27.780128495318483
257,4.172592843749767,24.520862643140156,41.92199774766235
258,6.510350508483427,12.888240468696255,28.32388943954747
259,8.343738577917387,23.49560223849817,35.15494676436603
260,7.123362529931656,17.952989911534253,26.107111304426304
261,4.705839212356734,11.971920921446113,25.645327879654417
262,4.705839212356734,12.147408451086292,25.382098683468325
263,8.15047507858275,22.207813881214996,43.075370408052805
264,4.705839212356734,13.922542251210418,27.51262007279138
265,6.3624694879100385,12.746852212474003,25.859009330785675
266,9.766688948636464,19.251365061808016,36.43476095831002
267,7.123362529931656,13.621785224569457,21.90969288345069
268,14.150035390007988,25.742300653356182,35.580385696705804
269,7.123362529931656,21.39292022024713,30.909914381765304
270,7.596505494638464,16.38761820208386,28.272270155390267
271,5.51317786106937,15.045184362896457,36.817396883330815
272,4.705839212356734,15.852991148824053,28.67607836268033
273,4.705839212356734,13.152393479933625,24.90816119835229
274,6.25605988022653,17.24175306830172,31.257374375827496
275,8.361905926097032,21.148678866987346,28.6624846664514
276,3.891237323731152,14.15735704580504,30.11175355951797
277,7.215416698980846,14.177722959106397,28.05985299291499
278,7.123362529931656,14.895915907137821,28.215078343601597
279,4.737025641968151,16.448813941812062,30.840451258810443
280,4.697305258573536,14.849658328925456,28.94915135265485
281,4.705839212356734,19.263841069824245,27.574866337369627
282,8.975016600704452,16.265284293390444,29.896213821105757
283,5.430847977953555,14.096010015561157,27.880361322865912
284,4.705839212356734,11.531846414740347,33.67247132221905
285,5.51317786106937,16.736576886678016,29.875680641273874
286,8.951162263204594,18.711121119793294,28.057568029023887
287,7.123362529931656,17.760932924806113,29.469034479589727
288,5.421041165132838,12.738826515759081,29.193068457510947
289,7.125356653842627,15.237395554198152,30.362640829555556
290,10.214206259300664,17.21369476681965,31.468504441826965
291,5.71406429536988,13.612644593755125,25.239278318300315
292,8.423151388455462,19.005258951150907,34.93044624626173
293,3.4568053462015333,14.098043021361372,28.895374877603974
294,7.123362529931656,17.23477743271527,32.594306338383724
295,7.980025949793405,17.822741407585458,37.248292522498886
296,8.205326203839332,14.135801901553126,26.561423519230853
297,10.547708227156598,24.277519017379856,37.13233917077604
298,7.744239098582623,21.152341500358357,32.65855774961425
299,4.705839212356734,16.561048223308873,26.18985345600592
300,5.059156226114787,13.920329373818312,22.886253467167975
301,5.51317786106937,11.52215317992011,25.440244547925662
302,4.697305258573536,11.788254308012094,23.47665602810195
303,9.52699345197291,21.487468872739345,36.520631314629256
304,8.653697511373652,23.423032520521705,33.37251390907064
305,5.059156226114787,13.43493046630839,30.886569097464186
306,5.793571125110942,12.085041616506944,24.464497314951988
307,5.51317786106937,13.527519729879254,27.007547621604292
308,5.51317786106937,13.307308934441302,25.059790726729435
309,7.123362529931656,15.525666404541246,28.277559957418564
310,7.462255211227257,21.66803135972192,40.44403747337751
311,5.409927394085192,19.602747827914953,36.09787029923499
312,6.1116866370379785,18.72274249262222,33.32978513479431
313,4.705839212356734,17.58852267712848,33.08580753047352
314,9.797429105682255,24.939620679902045,32.01130781640888
315,7.125356653842627,16.00919442717415,30.313908457933707
316,7.300253024604959,25.80317544799705,40.15171904967975
317,4.792825289903688,12.702887009886295,23.047149276477406
318,8.343738577917387,16.318084356143668,26.295727011834977
319,11.911244985188484,23.764933683007577,33.83051505462382
320,7.355243721209009,18.12564357623002,35.05410545848474
321,4.705839212356734,14.33884325008627,34.42394173365669
322,3.9603789588166407,13.229174486158522,28.400797561781037
323,7.355243721209009,14.708492156843427,28.15582818867137
324,7.355243721209009,17.772299456930362,25.75622495575437
325,7.355243721209009,14.371758081785849,29.395991052214512
326,4.705839212356734,15.21282325732238,28.576541345284408
327,7.0523656047000145,15.138927686443735,29.179451680137994
328,5.421041165132838,20.456372856978124,28.4737163798532
329,4.705839212356734,11.808917500732166,30.773581844917345
330,5.51317786106937,12.761978227604665,27.60866223287959
331,5.51317786106937,16.81176539577007,27.351679299241294
332,4.705839212356734,13.963779515618887,28.761386257151155
333,9.17446639361497,16.033365477313154,29.788483613378702
334,8.882870675364828,24.622032502959122,42.99398675201839
335,5.51317786106937,14.043277149111923,26.706057647054312
336,9.698836763314517,14.563889914443152,27.32495096900832
337,5.8294555357934446,16.526281564706043,36.07003056194177
338,7.123362529931656,17.9624159652923,30.791548738221604
339,5.059156226114787,15.88792254536141,27.307110890196906
340,5.421041165132838,17.287550980556592,28.212017295989373
341,4.705839212356734,15.246742859923328,31.377897186243942
342,4.697305258573536,13.78939882372848,26.26870389527329
343,4.792825289903688,16.921581669001824,40.12815259679775
344,4.695073369955482,18.395785958146917,30.878343478966258
345,8.533668934843476,17.23748296531619,33.7138589790114
346,5.266921087422933,16.06280344491274,26.740736139120152
347,10.628713289655545,13.739924803250059,23.50132845615196
348,7.123362529931656,14.185078903205097,31.914911235144313
349,5.059156226114787,13.907470619362922,23.548853321885634
350,4.697305258573536,13.885904352106765,31.390961182319746
351,2.7047937261656143,11.296660081550826,22.344218514376873
352,7.175326024398348,17.007655945213536,32.963406846707
353,5.059156226114787,12.831148266557888,23.34994516440446
354,6.089179001292614,12.955231247629127,30.036340254587095
355,5.956657419437395,12.373303657885128,26.7600092791221
356,7.744239098582623,19.77766917045675,33.479771310310134
357,5.51317786106937,12.682844512298415,25.055629938986673
358,5.935723888535111,14.565592610184463,26.846070175184494
359,5.266921087422933,13.090827132321726,28.007206144355877
360,4.705839212356734,14.203741044338786,28.449572529661083
361,11.036043816101483,21.560136169680952,31.158265320622856
362,5.51317786106937,14.552919659177858,27.394515629713954
363,5.51317786106937,15.358010504616688,26.285188167493924
364,4.705839212356734,12.880860574393951,23.977006508112378
365,7.175326024398348,13.318324260381246,22.26760811814388
366,5.238684474239369,14.989382236898427,24.829761786851932
367,3.604821560301726,13.830963746624285,28.416632746727576
368,12.344308419023383,17.854816894709234,30.8346639311992
369,9.586365263256297,14.78741896246992,29.535009619109275
370,4.792825289903688,17.17781019751888,25.07434007703717
371,4.705839212356734,14.335901817969193,29.082136781112
372,9.560753710219739,17.269451591087275,31.489174716679344
373,7.175326024398348,13.465309384987417,29.127624201357534
374,8.533668934843476,18.283864090715667,30.950741609537964
375,11.678443319256179,20.179512104749712,33.98515569167134
376,6.0026631533857735,18.118200753495408,35.64956940396708
377,3.891237323731152,14.786288607814924,24.2358139175367
378,7.123362529931656,18.79879998716335,36.22482873058104
379,5.51317786106937,14.997526688455064,24.552448993178405
380,6.305049799311717,21.839174315064,39.28391729235037
381,9.560753710219739,19.421472739523338,38.25208221943513
382,5.421041165132838,13.985026571456334,25.894762721343223
383,5.421041165132838,11.72942010827313,23.315229596184377
384,4.705839212356734,12.786481046097105,26.379481218967012
385,7.201047942970622,21.892310824557875,34.10614381431013
386,5.159205344438139,19.24344848517392,34.36863745116399
387,7.211600066155674,17.321285699750582,27.078491837498603
388,3.0947381301190995,12.114536206777858,24.289318159572865
389,8.336230360934817,17.11002600009411,27.491061669293888
390,10.12199961601757,21.268070283736733,32.1084309260969
391,5.935723888535111,14.264558629785776,26.906971186882043
392,10.070482223622676,23.77074267291444,39.813523019610265
393,5.51317786106937,14.897021338473406,26.599224597588922
394,6.225635583810471,19.23213698988937,30.51964189578014
395,6.374655008650361,15.417590611835234,27.709966136865287
396,6.374655008650361,15.417590611835234,32.150754483262645
397,7.175326024398348,16.874706558507263,27.095345588030284
398,8.361905926097032,16.06337962356796,32.330770996020874
399,9.74852224838114,16.168087827865243,29.219727794550426
400,5.059156226114787,13.992709073834734,23.926694999167363
401,4.705839212356734,16.7587464159275,28.882236161963462
402,7.0523656047000145,16.76432902506307,32.769639155143565
403,5.71406429536988,15.044078896851072,29.475551359171288
404,4.705839212356734,18.10633630629446,28.292525071172527
405,3.121148974208075,18.502353991318195,25.51993389151157
406,6.374655008650361,16.17990778979745,27.981136176633598
407,10.26249685359184,21.503182583994644,33.45040594994678
408,7.35741186189459,17.07250160755809,31.061029238414616
409,3.7014418284525306,16.187282924823513,31.11768452707541
410,6.1116866370379785,16.060952735836803,29.536781479386242
411,6.374655008650361,13.323510705876162,27.063301833930744
412,4.609347917421911,11.257199047414582,21.482814548181874
413,3.891237323731152,18.013001218419618,35.69834495385147
414,5.51317786106937,13.451062959385162,26.618555349090983
415,7.175326024398348,17.186106095287148,30.033736759805176
416,5.935723888535111,13.311838818126821,24.510187827249432
417,3.7006101749463984,12.858470405850174,21.83801241074056
418,4.705839212356734,12.047448091257095,25.497825792122303
419,7.215416698980846,14.052996256246466,27.4500741415504
420,10.939633141316225,19.841990261618847,38.36449744879598
421,7.125356653842627,15.891047740909327,30.43465147614254
422,3.7006101749463984,14.422568374146689,27.834527466123706
423,6.510350508483427,16.872243410521612,29.44699291189122
424,5.51317786106937,15.61982590106093,26.672359920476065
425,5.51317786106937,11.873053359091973,28.024260503992366
426,5.046297956756177,16.833633256211662,27.75431333796461
427,9.560753710219739,17.206942790632684,31.4853147687736
428,7.054005688542686,16.43441946973887,29.889221153341285
429,5.51317786106937,13.29576461047725,23.749051349412806
430,7.355243721209009,13.971103879787652,24.500781268061875
431,5.046297956756177,16.677863205275877,28.952244131587193
432,6.395326523234647,15.702315055371024,25.067577529918843
433,12.424623918983631,19.339378834546142,27.616216053138363
434,6.115183547309931,17.722910038843697,26.69602306425513
435,7.123362529931656,17.218617855348565,30.44515672571086
436,4.840986483485638,15.295738847908883,33.826092574994505
437,9.586365263256297,19.045359429402467,37.521123701299814
438,7.744239098582623,19.256134318331092,34.266275989343825
439,4.705839212356734,15.805018944380695,30.256046794795083
440,6.178573540964807,18.445948705995995,36.034443518077225
441,5.50161772312441,22.127894897329586,33.9837140024115
442,7.355243721209009,16.62919547769677,27.91413975255473
443,3.951108461192522,18.596686677525064,36.26834633911123
444,3.6914407541454373,13.501486339210777,26.687642116099795
445,5.059156226114787,13.960677576725304,27.905625191365452
446,7.744239098582623,18.24722165484257,31.18486511414773
447,10.874826010021525,21.159623613467215,31.0981212396643
448,5.3386610977188695,19.50141194725327,34.36913380790833
449,7.123362529931656,15.548234860283427,30.05303336932964
450,4.697305258573536,14.495494977254491,25.44348006848223
451,4.705839212356734,10.579438613441939,26.2978111412982
452,6.814594414002176,15.90619375898576,31.349972011650557
453,7.175326024398348,17.35087160571131,27.824294735020967
454,4.705839212356734,11.630510141745441,26.636853151743388
455,7.355243721209009,15.63934941697198,31.92920815100162
456,4.705839212356734,13.078851712858889,28.705443806273177
457,3.891237323731152,12.606347722142162,31.09591374726474
458,9.994774595824003,15.693163225522223,29.623798227177026
459,9.425474196072791,16.288298532520905,26.35494876093567
460,10.628713289655545,20.51060098155978,30.388724711197924
461,9.586365263256297,16.02245468120986,28.56019660187797
462,7.548538574151017,22.0072665657188,32.76293482961166
463,5.582271612055574,16.839928649153507,29.611600069497545
464,5.51317786106937,15.459539221837156,28.478640240464138
465,7.744239098582623,17.402028454539124,28.03962594369592
466,7.123362529931656,12.194268151539351,26.520946680547926
467,10.342077830549101,15.620438950063328,29.061318558047528
468,4.705839212356734,19.21899310758632,30.24411420299481
469,7.596505494638464,16.891724963555937,31.438698619097313
470,9.560753710219739,18.64784330265276,35.9538324740095
471,4.793913721444106,15.465606153762664,28.79340423750627
472,4.57472081779572,15.41613701370629,34.207111731209636
473,7.123362529931656,18.662628324171035,35.54108722292072
474,4.984097347038558,13.49700896238928,27.92909765708802
475,3.604821560301726,17.527121896755297,27.782051007557577
476,4.443820143809555,13.74652758085223,29.391266543966516
477,7.123362529931656,15.03759402767011,27.883353175283542
478,5.266921087422933,14.00716878246844,29.4738708743822
479,5.51317786106937,15.438809000505104,28.774014526960347
480,6.225635583810471,18.111065674910513,24.636838241054424
481,7.123362529931656,17.79831954937979,25.912065930884594
482,5.51317786106937,16.422819007924033,29.11520566390845
483,3.5807900880370527,17.84598534753736,27.282893204042622
484,5.833663544112289,15.891098955680398,25.66803284678303
485,8.959573101094135,18.052339753033976,37.21702086880414
486,5.51317786106937,13.573536387649533,29.887576145955123
487,5.146371962414685,20.41998688172723,28.78752286243262
488,10.800717441938412,20.721231688908297,33.377569604583364
489,4.697305258573536,15.09848417109349,33.76263471239088
490,4.705839212356734,11.658299869328916,24.955451445223485
491,4.705839212356734,14.600786131862288,26.99005909433657
492,5.51317786106937,15.434049966880044,27.41751643890175
493,5.51317786106937,11.65836264796052,26.01606385686951
494,4.705839212356734,10.365538277654263,21.655232877428723
495,5.51317786106937,10.9750212340012,25.830815134982124
496,7.744239098582623,18.38852159791014,30.463471206557916
497,10.538889410367801,18.661812089760712,31.59151637184304
498,5.306882522747735,12.714653386095149,35.98221643120897
499,5.51317786106937,20.004131950969956,33.53361348537595
500,5.582271612055574,19.319332428741475,31.83316139851855
501,8.882870675364828,17.325605548650394,31.476122377752876
502,6.089179001292614,15.371145524050329,29.670299976861752
503,10.628713289655545,23.69864314964112,38.0788401058455
504,7.125356653842627,14.807564533529211,28.525215071789738
505,5.51317786106937,16.531039827797724,29.588254665790593
506,4.984097347038558,18.507152325619188,27.37777224670738
507,3.8582078436412734,12.63547170066877,32.90739701926981
508,15.341344940200134,22.877366275396106,34.762231871222625
509,7.147090927477942,19.027421106975037,39.596433271022605
510,11.698205324677096,17.623289248491684,29.907762751056122
511,3.8078484630125438,21.847595333114985,34.225910889878826
512,10.447513937560954,19.38879572206369,34.35498897547098
513,5.51317786106937,15.466572924461058,27.70261705582908
514,5.426315030247176,15.062688652273884,31.766806989643115
515,5.238684474239369,18.18354373885121,32.80212029096981
516,4.705839212356734,14.044077605603672,27.332183473062354
517,4.705839212356734,14.830336102973666,32.16953273322797
518,7.8090208303942354,18.21183065647708,31.675305246764882
519,4.697305258573536,11.902026754924643,26.562319330871823
520,5.640378282175204,18.341213051570392,28.553541217660317
521,11.586975399774637,18.061770297235917,34.06208330367675
522,5.51317786106937,12.939853629875046,27.14627712559137
523,4.705839212356734,12.094765416859284,27.969418033662997
524,5.059156226114787,14.994272725486043,29.1197852471927
525,7.215416698980846,16.934058669474176,34.799325997539995
526,7.123362529931656,16.4999034520537,26.51729095623444
527,5.71406429536988,14.372760554269416,26.171879104521402
528,6.755165623864415,15.97081572136419,29.927830894413777
529,5.878007768647846,14.769541628547387,26.647452683747495
530,4.705839212356734,11.507050482693977,33.39026661693616
531,3.2817993008180135,17.2419588970388,31.87761890417552
532,6.225635583810471,13.507736114328726,31.82653229033427
533,5.51317786106937,14.227782482906546,31.027390725131795
534,5.5868703823284225,17.37899309164264,29.320608169607766
535,3.891237323731152,12.681199470678155,26.79185530001956
536,7.123362529931656,12.228587447751785,24.254501673526935
537,9.641709759097619,18.499455333135685,32.8353616677664
538,7.778690200275565,16.08713480595009,27.624269262043004
539,6.225635583810471,15.125267305061978,28.76076631542329
540,6.1116866370379785,27.92451669285313,45.46307931821252
541,6.3624694879100385,14.505739133685537,25.456702497515035
542,5.956657419437395,14.12183685660543,33.34020580431771
543,4.697305258573536,14.155227063894307,29.6452557406605
544,5.51317786106937,16.72062888141705,30.731977714618967
545,5.51317786106937,13.996640090707434,29.878821438575663
546,9.240546306488536,15.932668937875144,27.98118520183505
547,4.705839212356734,16.869966565728028,26.801132371737268
548,4.949008951414445,12.445643787148711,25.47012447009801
549,5.935723888535111,17.7345958089435,33.99788064539347
550,7.123362529931656,16.25779852119406,26.33225349751561
551,4.705839212356734,15.600228785357952,30.188765454895822
552,4.088252754871816,12.146170091736208,26.502534116275765
553,4.705839212356734,15.527972966455694,30.491869897815988
554,5.571149855677604,15.857826255408371,26.82897076119444
555,5.421041165132838,13.774034813064606,25.78920923223676
556,5.51317786106937,13.090827132321726,25.641630999306006
557,4.0278049892866505,13.920329373818312,27.075479986127608
558,5.51317786106937,18.66131845597196,29.17784123138936
559,4.737025641968151,14.923688873160588,27.16458098945209
560,5.50161772312441,16.8460713971839,29.560626052129113
561,6.225635583810471,16.35992179374241,26.714141145629448
562,5.159205344438139,14.368095262348326,26.642534041578173
563,6.608432664077325,16.91088267571974,42.068318236458815
564,12.595705922365445,20.263927741665242,29.81366425830474
565,3.492106461273777,15.934358407703362,28.985098250330275
566,7.123362529931656,16.647100622059888,29.919438190073908
567,15.115778193040244,20.376034507266752,30.428189997677833
568,7.123362529931656,16.977958035162267,24.488601875219942
569,7.123362529931656,16.43917155222999,34.687689104491476
570,5.159205344438139,13.71253568255744,36.57614521529923
571,5.536920485429601,13.198153279479294,25.051713227376833
572,8.879756960291179,17.270307474109604,32.487888298498575
573,9.999312902343284,25.179781766664682,36.92749047323473
574,4.705839212356734,23.741546758536927,32.343698332476684
575,7.355243721209009,13.401684284535625,30.455145247613743
576,5.935723888535111,16.70010333790388,31.682263926088105
577,10.252287504387851,21.718439931765708,35.38761250511567
578,7.355243721209009,14.566910512827327,35.535760933965264
579,9.586365263256297,14.656828044752597,28.671621733938615
580,4.705839212356734,16.6796320495521,33.5875733941344
581,4.792825289903688,11.254103088342497,26.6673094382719
582,4.375885704160662,11.439696518943796,26.556485708473527
583,5.396191386372476,15.167919763814785,30.33568702332013
584,8.336230360934817,16.52204585090076,32.97232151765403
585,5.405682980753303,18.567271654507397,35.420114046720485
586,3.7065018020193623,19.150651942339238,36.37903170029189
587,5.51317786106937,12.702887009886295,26.558455604094107
588,6.089179001292614,13.607847748527274,27.014404294537375
589,9.560753710219739,17.014331434279327,33.44270674626113
590,6.225635583810471,14.582713121128464,30.72103363421028
591,4.520631531183582,12.717864375849354,22.584144691749543
592,8.343738577917387,14.884927815896999,26.64480824699637
593,7.123362529931656,17.754921196445896,30.252719011722228
594,4.695073369955482,18.414803819774583,28.60441488705372
595,5.51317786106937,13.448985124330157,24.080020237822314
596,3.0361650557096556,12.88412795457798,29.31972225204309
597,7.647651749472022,18.08398886230297,30.66168075503602
598,5.266921087422933,22.95788411071822,34.08798880121967
599,5.687015447432868,18.69065481240216,32.00922034274684
600,7.123362529931656,18.79088789998891,29.291865953429415
601,5.059156226114787,15.70653403196421,25.382573302244143
602,8.951162263204594,15.666008495787656,28.966144866043336
603,4.705839212356734,16.394690386110728,30.243596901793985
604,9.560753710219739,16.684321211120842,25.81195321651942
605,7.123362529931656,15.665542659526526,31.12129283083588
606,3.0947381301190995,12.889951980582227,26.506861756732533
607,10.383129824640886,19.456090884024256,30.66217583315906
608,9.586365263256297,16.102542558061934,29.084064337165884
609,5.51317786106937,13.337806215294144,27.069208143469154
610,7.175326024398348,11.930308433200672,25.20763330917073
611,11.228840355131915,15.899220802252186,29.16758740376563
612,11.540335236556427,21.142928637453505,28.160399908700047
613,12.424623918983631,24.351822768424757,31.22840370392101
614,5.142478354432555,12.866829425772195,23.49036433976782
615,4.326479473703726,13.705224847072543,28.490062843902333
616,6.388389083463171,19.837553120218615,28.110254750517562
617,4.705839212356734,15.140875964853098,31.302543082324167
618,7.548538574151017,14.565461237125746,28.711784785599516
619,8.834257058223741,26.18618169902466,36.40898676905718
620,7.125356653842627,14.965581010893679,25.995179891723442
621,6.751045896299628,13.876869319566046,31.127121537512288
622,10.147302967530848,20.31188537524477,34.23403817552476
623,10.886946640467375,20.894995111231133,37.350197124065566
624,7.175326024398348,17.445642263359876,27.76040765429355
625,6.089179001292614,14.63930463185779,33.79656720603553
626,3.4568053462015333,11.74736504962301,22.595681845216237
627,5.159205344438139,16.262343982961085,31.662407629086808
628,4.346696222376593,14.473968073290498,34.65256327891087
629,9.641709759097619,15.797840372216168,28.448865703027813
630,4.705839212356734,13.150921543046062,24.549760594946736
631,13.83071722120342,24.723730340959463,35.17005676599725
632,4.705839212356734,14.094379677324001,24.431477655896572
633,6.327476590447105,19.2189873347307,33.9959064964019
634,6.225635583810471,15.724332306390385,30.331752285057675
635,5.430847977953555,14.193033310963056,28.43202242512924
636,4.326479473703726,12.539214589714321,25.803628437936496
637,5.197139463788448,11.431541005845263,25.87174668457887
638,5.536920485429601,12.873757227434655,29.418920905339714
639,6.089179001292614,19.666760716247182,32.24598254898674
640,9.333293658555245,21.72993049294073,33.46548306232274
641,9.74852224838114,19.977442861881983,32.22697746284107
642,6.510350508483427,14.773126023242938,27.08055214173562
643,7.918006579150223,16.439079842458057,31.15926805025037
644,5.302495888129862,13.514525669966657,27.097038209809405
645,8.879756960291179,16.703228003649166,32.92169757278233
646,10.36767969879721,22.25480845446091,35.0627538411897
647,4.984097347038558,16.359216320226064,31.204194293216947
648,4.823483374863148,13.098914976600943,29.975030778325618
649,6.225635583810471,21.070003789454297,36.757540027036974
650,4.705839212356734,13.407717479311122,28.56917217460129
651,5.51317786106937,20.813165526778953,31.6258911092311
652,10.770389969810987,24.07527482072751,39.11139401204817
653,8.879756960291179,15.410580125155166,33.240677933725216
654,7.125356653842627,15.88691686051652,26.26058860983413
655,4.697305258573536,12.289002354263122,28.975224795918272
656,6.436559381137021,15.355738731319517,30.068341666507013
657,5.512218324777154,16.521347591740597,29.43882468453206
658,7.0523656047000145,13.97853804872848,24.920254874820213
659,8.834257058223741,17.31034618425845,34.80509683494746
660,10.39721674528757,21.722507049550796,36.44864744008053
661,10.751789963199064,19.198754272620842,30.974260216340696
662,4.705839212356734,16.378538682054717,23.277280182485207
663,4.792825289903688,15.64373060747069,31.1436841444782
664,6.015693294552688,14.43746024263325,32.698188374313354
665,4.111753817663782,11.888053258934576,24.882104595581914
666,6.565561598096631,17.052960258356133,35.823669157632295
667,6.334984807429677,16.186335165345,32.69797803314408
668,3.5775649478868212,19.18377293149094,35.85703506516044
669,8.691430456071771,19.496226990033737,30.635162612294053
670,7.123362529931656,12.228587447751785,24.725935237078883
671,2.331957866872276,11.843748988991637,25.536641203385503
672,5.238684474239369,10.887726422885061,27.65647454529363
673,6.395326523234647,19.42721811696011,26.20928745837059
674,9.038047284876194,19.403727056720605,31.5659889098567
675,4.705839212356734,14.806773446896006,26.05544330621026
676,6.395326523234647,13.990786784652988,29.10528768324606
677,3.831722342952971,14.796549880867879,26.66300403033165
678,4.705839212356734,12.045447854344633,30.078395237598574
679,5.430847977953555,12.899457588820102,26.722294921083993
680,7.593853168778413,20.37175791326766,33.050541536252496
681,4.705839212356734,18.38233107574972,31.974501415917707
682,5.878007768647846,12.452361952722477,23.53858681922754
683,4.697305258573536,16.81922749320548,32.28623446174538
684,5.409585517359518,17.471017180699867,28.403742215125824
685,6.373365194711425,18.6364575566681,25.853515121354146
686,8.46609638755733,20.07436382153407,30.868524909193162
687,8.460864774845398,14.3350280896764,34.493674787190805
688,9.281210170682328,21.3936504143972,33.389350901671655
689,6.178573540964807,17.533080813517078,27.23786816596012
690,5.51317786106937,20.763197811601508,33.353118811156136
691,6.608432664077325,14.462434247411306,36.27638450183473
692,6.510350508483427,12.807174557455777,28.160048759274908
693,4.705839212356734,14.342342620118142,32.84601751707462
694,4.705839212356734,12.44097523796277,22.91286734071529
695,7.744239098582623,13.39823334826511,25.15724573356774
696,7.123362529931656,16.4265311672374,35.949525213924886
697,4.705839212356734,14.111687756817616,27.384008970576826
698,8.343738577917387,18.978049799468486,32.53801222324285
699,13.6501491512986,23.677056686525084,34.15161773439793
700,7.215416698980846,14.46789702236169,27.356446366331802
701,7.123362529931656,14.718418658699438,32.90208447718304
702,5.847781719584259,18.34005624128497,33.98872375712543
703,4.705839212356734,14.317947016273232,28.74132416097056
704,5.111388028857073,14.979722587746267,24.02554753219361
705,7.355243721209009,16.729567377672748,29.114864120729003
706,9.641709759097619,17.564139357868687,32.91261621844361
707,5.405682980753303,18.07303673526248,28.576710683730887
708,9.056978585487803,15.161828498200807,32.645399906480776
709,5.51317786106937,11.79491886500432,25.930129725749346
710,4.697305258573536,13.917785611809814,27.965715133325517
711,4.705839212356734,11.539689297028122,23.789087549399255
712,4.211122622100778,15.71339861705827,24.276282399600454
713,7.147090927477942,15.599888962867082,28.55519167030164
714,5.474629862624,14.99192806753227,32.640188355780126
715,7.123362529931656,33.60768354507067,46.63759162434701
716,5.059156226114787,11.96468467155874,27.26111402413989
717,5.51317786106937,11.929340174285922,26.123957458272734
718,6.4244174909088505,20.258094102069084,34.722953542437004
719,5.142478354432555,13.629736159347134,26.64992832833518
720,8.879756960291179,15.633774406589735,27.87371768375915
721,12.307440811540392,21.289006367349373,36.57862109988397
722,7.355243721209009,20.04182542228449,33.177341383029216
723,4.705839212356734,15.741532834366577,27.425448474865867
724,7.123362529931656,13.211985473781805,29.449956354857626
725,10.751789963199064,20.218914644207906,33.194048624583864
726,7.548538574151017,16.554290388799235,26.282410874099014
727,6.225635583810471,12.69040683969807,24.52675397256856
728,4.705839212356734,14.335289223055884,31.7341233447039
729,8.882870675364828,17.651971247742157,30.102966760341296
730,5.430847977953555,20.092153903704425,35.16679729342586
731,5.51317786106937,13.391761273514927,31.424975741354345
732,9.500426947049169,16.80375538706606,29.418876197573006
733,9.560753710219739,14.916328302137,25.283328793261685
734,5.059156226114787,16.77872469916919,28.340818013300634
735,5.713396733722345,19.048585640868506,32.38167643753425
736,5.421041165132838,15.278072426893399,28.55135299719073
737,11.949404609822652,21.443692111475848,42.045870398575545
738,6.099986591827427,13.507251085629381,27.07236361322576
739,7.355243721209009,15.783501353795797,35.877172962025305
740,4.705839212356734,10.828067549610461,23.956018469384716
741,5.059156226114787,17.080394467290322,28.80862725050867
742,7.6666716487595075,24.710796077693654,35.641766140368105
743,4.705839212356734,12.609350723598794,22.304277742785445
744,4.0278049892866505,12.529133507132903,28.284959220181282
745,4.443820143809555,12.502817764371047,34.504807669300504
746,4.705839212356734,11.300915251479793,28.492541902065017
747,8.879756960291179,14.802264438437785,28.031511584993815
748,8.879756960291179,19.875231078240546,32.76011576351844
749,8.879756960291179,14.802264438437785,28.652653335363972
750,7.125356653842627,16.95249405013512,30.634254794580507
751,7.123362529931656,15.526655176216554,31.02289873220992
752,4.705839212356734,17.051658729047574,28.33636220909695
753,5.833663544112289,14.117792908970033,28.256339408981376
754,5.159205344438139,19.77911387570514,34.83970161894256
755,15.80726518045102,21.27315349262584,33.9092217259479
756,13.917996839082862,21.56222281157035,32.51155072874159
757,6.225635583810471,19.785579602164397,38.02447235665004
758,4.111753817663782,14.412059659325429,29.426067686686086
759,6.3624694879100385,18.77002337470386,31.593291467770086
760,4.705839212356734,14.060728937129864,24.053877935746318
761,5.059156226114787,16.486584525987976,33.459879929676255
762,5.321345213145502,18.742295835217554,32.97261594697994
763,8.185054666474594,13.80676694297507,27.468950167948467
764,3.5775649478868203,12.871701465944989,25.932442316970793
765,3.325335699227575,13.489539739661717,29.508978543305393
766,9.985349872725763,14.877688876488733,28.825380887220128
767,8.460864774845398,15.151337460689202,27.54108863280469
768,8.879756960291179,15.348958727366817,29.99259404682703
769,5.71406429536988,14.159762163179845,28.09691507132592
770,4.705839212356734,14.157218825747885,24.74864187169081
771,4.705839212356734,12.533845879283712,30.43294063054709
772,4.705839212356734,13.425823863014418,24.985873858446798
773,5.421041165132838,19.01691325701805,34.167678918529184
774,8.580756371196935,21.55906992160841,35.778861153709705
775,5.51317786106937,15.491201084038508,30.4400514023383
776,7.147090927477942,16.31198498467352,32.55869730206774
777,4.976395318245226,14.235975650500382,26.509114092733995
778,8.108747986519024,18.94966660753819,28.291545132892153
779,5.51317786106937,16.260736022111928,29.973593029754575
780,5.51317786106937,13.884538379272694,26.108322620597196
781,3.951108461192522,24.31343571675594,30.541317932262324
782,5.829025301260954,17.508447684411042,30.759986335253732
783,6.814594414002176,15.36276136609369,33.98943754407066
784,5.111388028857073,13.31564684043969,27.928807185509655
785,7.046005564616184,15.228641106551507,31.712018494967236
786,4.2674922567750615,12.202563927930193,26.39875644909234
787,4.016698424782959,12.302201257262285,24.90691026818609
788,3.891237323731152,16.580284385615748,37.61408013986163
789,7.355243721209009,13.716148167067582,29.139193207130077
790,4.705839212356734,13.124596021955787,27.74082422632473
791,3.891237323731152,18.10848749130094,31.784412177320277
792,5.41608179115463,17.05065207676689,24.307184709246158
793,5.956657419437395,13.436689283823105,25.718402533637544
794,8.882870675364828,16.62534540458555,29.015137267370317
795,4.705839212356734,11.023135363578131,26.67187553401542
796,15.168519918229537,29.75168365338745,41.13450876802728
797,5.51317786106937,12.536057505275831,25.01441977800941
798,5.51317786106937,14.259883800679553,34.934413801904626
799,6.814594414002176,21.62880296137018,32.67910122550545
800,4.705839212356734,14.380035933747811,26.0321178144361
801,10.369984710185232,20.25019818868252,39.36056977741153
802,5.898535588337107,13.375638746437284,28.997339718668954
803,2.6541138874173047,14.292927869822957,28.36095770032797
804,7.355243721209009,17.775974416125674,30.0780956551246
805,9.560753710219739,17.741878576411164,30.697889256539817
806,3.891237323731152,12.556284495144356,22.301070973456227
807,5.396191386372476,15.01022115453953,27.323068117850934
808,7.201047942970622,16.984063218625323,26.82861854850743
809,3.959605190506687,15.564039646588666,33.25943126175269
810,5.769720455639121,22.03041452796605,31.546718031859314
811,10.12199961601757,18.02544448879249,32.173086356811524
812,5.059156226114787,13.755183113562637,24.438793033517108
813,2.331957866872276,13.522553368804884,23.58782870262161
814,7.147090927477942,17.050194349889555,30.574986879555034
815,10.827032606716646,20.89364396221814,35.711961717452084
816,5.489347356790354,15.379556020607193,34.33071016323148
817,9.74852224838114,14.547624939952648,23.78800934045424
818,7.462255211227257,25.626433323231986,35.23671910099718
819,4.705839212356734,11.965893641695523,31.124175673491624
820,4.705839212356734,12.17126131834056,27.825288354713308
821,7.292656671544225,14.163071904784328,27.281228449745193
822,6.3624694879100385,14.233241347313662,26.727294706295357
823,12.464991367859113,22.33321564424981,34.42332144115416
824,4.697305258573536,12.420722172472757,27.828180021884915
825,4.111753817663782,14.607628190208924,21.303897018572453
826,5.925554036134782,14.464365939876643,26.922653858253998
827,3.3284924981035457,13.782726332248792,25.622007056355162
828,5.489347356790354,16.212143248336595,28.404863519855443
829,4.211122622100778,14.472189524462264,32.6173919317132
830,12.292665773243971,26.252372765661338,38.32880534181625
831,8.173141198377225,14.791995384825622,29.35270491290418
832,4.730464196724919,15.862176993096623,29.934272085623988
833,10.12199961601757,19.71457130672391,30.109936006244325
834,4.697305258573536,17.21281185322088,32.546970267138725
835,4.0278049892866505,22.092870616558063,34.567600803281096
836,9.74852224838114,26.182604139816227,34.78689892116124
837,6.225635583810471,14.532558226572986,25.38503000407389
838,5.059156226114787,14.513391282500814,30.31390620337187
839,5.51317786106937,14.89126075241817,28.134967405949958
840,5.059156226114787,16.492314973708087,27.944800526567157
841,9.641709759097619,17.507419763040243,44.074651740090104
842,5.51317786106937,14.146228455040394,22.152819787474872
843,7.716040584866992,20.93861685888313,35.356877584595864
844,6.814594414002176,18.309633964549363,29.56615438033358
845,4.705839212356734,13.655507162491595,27.612137954266217
846,8.108747986519024,16.27474700513944,28.457487662932046
847,5.51317786106937,13.304032505336542,27.361982062839594
848,9.560753710219739,20.110227722092237,38.32021641242167
849,9.20800108380041,18.001316258008032,31.509865401578452
850,7.647651749472022,18.66800324113997,31.558896680326193
851,4.211122622100778,15.656057801162358,25.633229882880155
852,5.51317786106937,14.668381376510215,25.18630182296063
853,8.99286558357452,21.194663742104225,30.404616989367273
854,5.50161772312441,17.864203090148493,30.60071743124065
855,6.510350508483427,12.996638986338295,25.010665182141185
856,6.406575513965976,13.827546088373364,29.692715394679496
857,6.0467498632827095,25.510387449775273,39.02720493449068
858,14.261585923674165,21.478408921394845,32.83205462041589
859,5.111388028857073,20.95028014010172,32.41896978330227
860,7.355243721209009,13.374203836591496,24.97534302894962
861,6.225635583810471,14.17737914868835,26.802192855028427
862,3.0947381301190995,16.022864341619233,28.916783132701912
863,4.697305258573536,18.496355008740515,30.044800058032862
864,9.74852224838114,18.121641455241683,29.348219142034573
865,7.354951459001054,19.015799243961315,37.5902967274959
866,5.71406429536988,13.572307513647713,32.16121117015649
867,12.424623918983631,16.526281564706046,26.899497550053233
868,9.586365263256297,17.581896348587833,28.738581955238065
869,5.430847977953555,15.387342752657835,27.998843073231633
870,10.700324738148947,20.735945326011976,34.27405616454388
871,5.51317786106937,14.754172064337991,25.572863271614498
872,3.8647819857612835,14.413140646004939,24.734284913126206
873,4.705839212356734,17.591357326261072,30.361726139551507
874,4.172592843749767,13.831914814148545,28.18773228686822
875,6.470659439375623,16.03381985061735,29.841920004330376
876,4.705839212356734,13.096610390486818,26.4486305198861
877,6.225635583810471,13.557339476441866,26.297657584739724
878,5.421041165132838,12.219506204175149,28.478414111575837
879,8.804608302959382,26.38078298022168,40.419108394147756
880,8.205632559045474,14.664994001065285,29.848504429791404
881,10.135602922320292,18.977396740883616,33.12328260836582
882,10.497961585710147,24.47002069984177,39.308627042608784
883,4.705839212356734,12.334927171176908,23.880546164155202
884,5.51317786106937,14.026730359836414,25.304038910035658
885,4.211122622100778,10.194019998607503,23.49534527792227
886,5.51317786106937,12.681554362439911,23.987830131824623
887,4.793913721444106,10.636929841585658,29.933499849664067
888,5.51317786106937,11.742086209631097,26.568503686580335
889,12.424623918983631,14.799286914379552,32.33528868693527
890,3.0947381301190995,16.519851738153672,32.95624755477908
891,6.39889309326257,21.22497256351442,31.767251375766413
892,5.51317786106937,12.016273391825651,28.318895703377102
893,7.855465424849878,16.519944409072146,30.874634469687557
894,5.51317786106937,15.33350306811481,27.519019848378164
895,4.705839212356734,16.403900297043666,26.511960292252507
896,8.185054666474594,16.711483141754474,30.542504140285452
897,9.74852224838114,17.783118447441986,30.04633143776625
898,4.705839212356734,13.335989144172949,28.540199918705426
899,5.159205344438139,13.831201162031443,29.27488468382913
900,7.365489560894337,16.05793905680735,29.960818632653066
901,5.059156226114787,14.155636385202126,25.962837310666057
902,5.430847977953555,14.437999384057449,29.22831308316064
903,8.027493099244218,15.024870711390815,29.671505229192626
904,3.366029436313183,14.92352795091505,25.796585489044816
905,8.817075465643365,16.30507305701444,32.317679716825836
906,13.470120622939215,26.443409742949367,40.28573447006006
907,6.374655008650361,16.359885279716064,32.80497188022065
908,6.225635583810471,18.267341957548,41.16219395677094
909,9.586365263256297,14.656828044752597,27.966855235696833
910,4.705839212356734,10.555121841553918,22.43578426290756
911,7.123362529931656,12.096815948843002,26.011855847984766
912,5.111388028857073,15.013220375871914,28.17573760241082
913,8.426293030930387,20.305669535756856,34.527815697583236
914,4.172592843749767,13.782592563293894,26.931788751261273
915,5.51317786106937,11.582952784379994,23.80557574492883
916,7.397627260803777,13.81657644255565,28.20237212690197
917,9.2028523514409,18.7826613055092,29.2561449273083
918,5.266921087422933,23.03232132130715,31.66604513806074
919,9.74852224838114,14.270125611686328,30.844502958245737
920,7.215416698980846,23.049041522801122,40.82248793285779
921,4.111753817663782,13.151830511146095,24.696948069969906
922,5.409927394085192,15.169615958269372,32.81808068369733
923,4.697305258573536,15.403751762768305,27.025766271405065
924,8.736640601033713,16.75556926044157,28.394134544809944
925,4.705839212356734,18.052644765659565,32.12617937753245
926,4.705839212356734,13.144194136359634,24.69412811863198
927,8.879756960291179,17.26124759448286,29.187703589079316
928,5.266921087422933,21.12709389686149,29.784694813566226
929,5.430847977953555,17.12328895477767,33.58747622897328
930,5.51317786106937,14.516130148513192,24.646460803640096
931,9.994774595824003,20.486511241438706,34.35948229684713
932,5.833663544112289,15.701526255851821,31.46727884416144
933,5.713396733722345,16.210720171449637,28.56941015237383
934,7.125356653842627,14.808115317412422,28.264244901908473
935,8.834257058223741,16.450753847612468,34.68105822876518
936,5.059156226114787,16.549214124829817,27.428423602107234
937,9.586365263256297,24.03701872907674,38.200253529342035
938,4.22238865630173,10.535991744152673,25.8803099612463
939,7.778690200275565,14.941291627067278,27.502385136935583
940,5.880345688033854,16.531535008192854,31.88852708335141
941,5.51317786106937,9.420177623088176,23.569683237985426
942,10.163067636068082,28.12842529674519,43.15335105664789
943,3.0361650557096556,11.518182114828637,23.423254859543647
944,7.125356653842627,18.31382285701301,33.33454827833552
945,5.100303954755159,19.32607725025151,33.55603307911311
946,12.384581872914458,25.66719781215566,39.38236574028119
947,5.197139463788448,15.40766904768926,26.568664789933838
948,5.51317786106937,17.125423871123125,34.663101446265145
949,4.705839212356734,14.399602503446062,23.279253553070546
950,5.197139463788448,14.986451974774493,36.408116484339345
951,9.74852224838114,16.00348999323146,28.461320963333545
952,13.621343160412415,24.359566498840746,33.28927380020551
953,4.705839212356734,9.923706102341205,23.249665156007687
954,5.51317786106937,20.47267133812417,31.946951737428925
955,5.698234209477395,15.235938570969946,33.84329192495534
956,5.159205344438139,15.547425499273231,25.488588626549557
957,6.374655008650361,18.835125541568402,29.8432882982509
958,4.705839212356734,13.595394101180382,27.158555726628304
959,4.705839212356734,13.02068653211991,26.052928418742102
960,8.29706388586474,19.525018693289987,35.15532975523502
961,8.533668934843476,15.324221707102199,25.771451034276144
962,3.325335699227575,12.546957765229768,23.193558849349085
963,4.498403058680509,12.618645277702438,29.224929991180367
964,5.51317786106937,16.284982131967492,26.693538541940555
965,9.560753710219739,19.341849754813456,27.53243740521257
966,5.266921087422933,17.146107866574404,29.880207122878677
967,5.159205344438139,13.508408057996913,22.81929687908356
968,4.705839212356734,13.971192589665192,26.927476619646605
969,7.932365084180464,16.81360522937967,31.11603236159704
970,4.0278049892866505,14.156480337519945,28.739752349073978
971,7.211600066155674,19.45507050309752,31.357437635356433
972,8.10529883783045,20.00954919109041,35.825334324730356
973,6.3624694879100385,11.42250161852365,22.61223711450062
974,5.9710320618290496,15.676939854459924,28.09305011547422
975,5.935723888535111,13.22618888527584,24.995816496605663
976,4.888250812322605,13.056653770050902,26.490568054191247
977,9.038047284876194,20.06393396755846,35.356534386901025
978,7.215416698980846,14.818469831953824,28.05390647922245
979,5.033702332995487,18.17391951007393,30.601622262190162
980,5.059156226114787,13.992709073834734,24.25745004422476
981,7.123362529931656,15.591992009738037,30.262727024343825
982,5.266921087422933,15.078257440594678,28.899139852843113
983,4.697305258573536,11.18581202149819,24.456998391958166
984,8.336230360934817,17.038405236560322,28.95916050376108
985,5.059156226114787,15.702284063257974,25.20204213491797
986,5.58205003190227,15.488006070976107,31.106111822556116
987,4.873082237875424,18.6609075619287,29.959246631942776
988,13.731462653728583,22.839919042207637,36.48281785132861
989,5.956657419437395,12.21825854729366,22.927759335108174
990,5.799025477240685,17.910069883056664,29.028115694154987
991,6.300892184150619,16.503750624166596,29.828207910868034
992,5.51317786106937,14.552919659177858,26.020612638005225
993,5.71406429536988,15.35547914609105,29.255644965816554
994,5.146371962414685,15.84097407315137,31.499442389265123
995,7.3313680694970795,17.160035309685778,28.089692615176325
996,8.15047507858275,18.333689207758034,34.67339923932375
997,7.118819055316285,18.10792411562383,31.031978226310425
998,7.355243721209009,17.259810570866367,31.67271414773647
999,5.51317786106937,15.199313397337416,27.105626962690675
1000,9.586365263256297,13.091005798217676,26.99701707837069
