rank_by_association_statistic,candidate_id,combination_size,variables,display_variables,association_statistic,mutual_information_nats,degrees_of_freedom,usable_n,statistic_type,sparse_warnings,sources,contains_age,raw_empirical_p_value,search_adjusted_empirical_p_value,bh_fdr_q_value
1,1_00000,1,age,age,7.382888343487679,,1,108,logistic_deviance_improvement_age_linear_additive_to_joint_state,,demographic,True,0.006993006993006993,0.25674325674325676,0.35664335664335667
2,1_00038,1,chem_hyperproteinemia,chem_hyperproteinemia,5.51317786106937,0.025523971579024862,1,108,contingency_likelihood_ratio_G,,chemistry,False,0.060939060939060936,0.6283716283716284,0.6768945340373912
3,1_00021,1,AUS_enlarged pancreas,AUS_enlarged_pancreas,5.111388028857073,0.023663833466930892,1,108,contingency_likelihood_ratio_G,,AUS,False,0.02097902097902098,0.7132867132867133,0.534965034965035
4,1_00026,1,CBC_neutrophilia,CBC_neutrophilia,4.705839212356734,0.021786292649799695,1,108,contingency_likelihood_ratio_G,joint_state_n_lt_3;joint_state_n_lt_5;apparent_extreme_fraction_in_tiny_joint_state,CBC,False,0.09290709290709291,0.8851148851148851,0.6768945340373912
5,1_00039,1,chem_decreased alt,chem_decreased_ALT,4.705839212356734,0.021786292649799695,1,108,contingency_likelihood_ratio_G,joint_state_n_lt_3;joint_state_n_lt_5;apparent_extreme_fraction_in_tiny_joint_state,chemistry,False,0.09290709290709291,0.8851148851148851,0.6768945340373912
6,1_00045,1,chem_discordantly elevated bun,chem_discordantly_elevated_BUN,4.705839212356734,0.021786292649799695,1,108,contingency_likelihood_ratio_G,joint_state_n_lt_3;joint_state_n_lt_5;apparent_extreme_fraction_in_tiny_joint_state,chemistry,False,0.1068931068931069,0.8851148851148851,0.6814435564435565
7,1_00046,1,chem_hyperglycemia,chem_hyperglycemia,4.705839212356734,0.021786292649799695,1,108,contingency_likelihood_ratio_G,joint_state_n_lt_3;joint_state_n_lt_5;apparent_extreme_fraction_in_tiny_joint_state,chemistry,False,0.0919080919080919,0.8851148851148851,0.6768945340373912
8,1_00004,1,tli_high,tli_high,4.609347917421911,0.02649050527253972,1,87,contingency_likelihood_ratio_G,,GI panel,False,0.03696303696303696,0.9100899100899101,0.6283716283716283
9,1_00010,1,clinical signs_hyporexia,clinical_signs_hyporexia,3.0361650557096556,0.014056319702359517,1,108,contingency_likelihood_ratio_G,,clinical signs,False,0.14885114885114886,0.995004995004995,0.8434898434898436
10,1_00006,1,breed_group,breed_group,2.6240540524264873,0.012148398390863367,3,108,contingency_likelihood_ratio_G,,demographic,False,0.4785214785214785,0.998001998001998,0.9850149850149851
11,1_00029,1,CBC_eosinopenia,CBC_eosinopenia,2.331957866872276,0.010796101235519795,1,108,contingency_likelihood_ratio_G,joint_state_n_lt_3;joint_state_n_lt_5;apparent_extreme_fraction_in_tiny_joint_state,CBC,False,0.3066933066933067,1.0,0.9613864396473091
12,1_00042,1,chem_elevated alp,chem_elevated_ALP,2.331957866872276,0.010796101235519795,1,108,contingency_likelihood_ratio_G,joint_state_n_lt_3;joint_state_n_lt_5;apparent_extreme_fraction_in_tiny_joint_state,chemistry,False,0.3256743256743257,1.0,0.9613864396473091
13,1_00023,1,AUS_ileus,AUS_ileus,2.1035231625704256,0.009738533160048267,1,108,contingency_likelihood_ratio_G,,AUS,False,0.2017982017982018,1.0,0.9613864396473091
14,1_00028,1,CBC_eosinophilia,CBC_eosinophilia,2.1035231625704256,0.009738533160048267,1,108,contingency_likelihood_ratio_G,,CBC,False,0.23676323676323677,1.0,0.9613864396473091
15,1_00030,1,CBC_basophilia,CBC_basophilia,1.8090351617088585,0.00837516278568916,1,108,contingency_likelihood_ratio_G,,CBC,False,0.34665334665334663,1.0,0.9613864396473091
16,1_00012,1,clinical signs_hairball obstruction,clinical_signs_hairball_obstruction,1.60961323471419,0.007451913123676806,1,108,contingency_likelihood_ratio_G,joint_state_n_lt_5;apparent_extreme_fraction_in_tiny_joint_state,clinical signs,False,0.5434565434565435,1.0,0.9850149850149851
17,1_00032,1,CBC_lymphocytosis,CBC_lymphocytosis,1.5295444511680518,0.007081224310963203,1,108,contingency_likelihood_ratio_G,joint_state_n_lt_3;joint_state_n_lt_5;apparent_extreme_fraction_in_tiny_joint_state,CBC,False,0.5614385614385614,1.0,0.9850149850149851
18,1_00043,1,chem_elevated total bilirubin,chem_elevated_total_bilirubin,1.5295444511680518,0.007081224310963203,1,108,contingency_likelihood_ratio_G,joint_state_n_lt_3;joint_state_n_lt_5;apparent_extreme_fraction_in_tiny_joint_state,chemistry,False,0.5504495504495505,1.0,0.9850149850149851
19,1_00050,1,chem_hypophosphatemia,chem_hypophosphatemia,1.5295444511680518,0.007081224310963203,1,108,contingency_likelihood_ratio_G,joint_state_n_lt_3;joint_state_n_lt_5;apparent_extreme_fraction_in_tiny_joint_state,chemistry,False,0.5604395604395604,1.0,0.9850149850149851
20,1_00001,1,cobalamin_low,cobalamin_low,1.5004584628032571,0.008335880348906984,1,90,contingency_likelihood_ratio_G,,GI panel,False,0.22377622377622378,1.0,0.9613864396473091
21,1_00022,1,AUS_splenomegaly,AUS_splenomegaly,1.397022178324547,0.0064676952700210505,1,108,contingency_likelihood_ratio_G,,AUS,False,0.33766233766233766,1.0,0.9613864396473091
22,1_00009,1,clinical signs_diarrhea,clinical_signs_diarrhea,1.031557021891646,0.004775726953202065,1,108,contingency_likelihood_ratio_G,,clinical signs,False,0.3626373626373626,1.0,0.9613864396473091
23,1_00015,1,AUS_duodenum,AUS_duodenal_thickening,1.031557021891646,0.004775726953202065,1,108,contingency_likelihood_ratio_G,,AUS,False,0.3546453546453546,1.0,0.9613864396473091
24,1_00019,1,AUS_mesenteric lymphadenopathy,AUS_mesenteric_lymphadenopathy,0.9702673753423072,0.004491978589547719,1,108,contingency_likelihood_ratio_G,,AUS,False,0.41358641358641357,1.0,0.9613864396473091
25,1_00008,1,clinical signs_vomiting,clinical_signs_vomiting,0.9043682694547259,0.004186890136364472,1,108,contingency_likelihood_ratio_G,,clinical signs,False,0.3906093906093906,1.0,0.9613864396473091
26,1_00011,1,clinical signs_weight loss,clinical_signs_weight_loss,0.8800739354364717,0.004074416367761443,1,108,contingency_likelihood_ratio_G,,clinical signs,False,0.4275724275724276,1.0,0.9613864396473091
27,1_00036,1,chem_no abnormalities,chem_no_abnormalities,0.8151565786134531,0.003773873049136357,1,108,contingency_likelihood_ratio_G,,chemistry,False,0.3946053946053946,1.0,0.9613864396473091
28,1_00013,1,clinical signs_constipation,clinical_signs_constipation,0.7604190974315306,0.003520458784405234,1,108,contingency_likelihood_ratio_G,joint_state_n_lt_3;joint_state_n_lt_5;apparent_extreme_fraction_in_tiny_joint_state,clinical signs,False,1.0,1.0,1.0
29,1_00031,1,CBC_basocytosis,CBC_basocytosis,0.7604190974315306,0.003520458784405234,1,108,contingency_likelihood_ratio_G,joint_state_n_lt_3;joint_state_n_lt_5;apparent_extreme_fraction_in_tiny_joint_state,CBC,False,1.0,1.0,1.0
30,1_00047,1,chem_hypercholesterolemia,chem_hypercholesterolemia,0.7604190974315306,0.003520458784405234,1,108,contingency_likelihood_ratio_G,joint_state_n_lt_3;joint_state_n_lt_5;apparent_extreme_fraction_in_tiny_joint_state,chemistry,False,1.0,1.0,1.0
31,1_00048,1,chem_hypercalcemia,chem_hypercalcemia,0.7604190974315306,0.003520458784405234,1,108,contingency_likelihood_ratio_G,joint_state_n_lt_3;joint_state_n_lt_5;apparent_extreme_fraction_in_tiny_joint_state,chemistry,False,1.0,1.0,1.0
32,1_00002,1,folate_high,folate_high,0.6318972249813042,0.0035105401387850233,1,90,contingency_likelihood_ratio_G,,GI panel,False,0.43356643356643354,1.0,0.9613864396473091
33,1_00024,1,AUS_gall bladder sludge,AUS_gall_bladder_sludge,0.6180042185696739,0.0028611306415262682,1,108,contingency_likelihood_ratio_G,,AUS,False,0.5734265734265734,1.0,0.9850149850149851
34,1_00040,1,chem_elevated alt,chem_elevated_ALT,0.41366245860072026,0.0019151039750033346,1,108,contingency_likelihood_ratio_G,,chemistry,False,0.7062937062937062,1.0,1.0
35,1_00003,1,folate_low,folate_low,0.32946649292767927,0.0018303694051537737,1,90,contingency_likelihood_ratio_G,,GI panel,False,0.5794205794205795,1.0,0.9850149850149851
36,1_00041,1,chem_elevated ast,chem_elevated_AST,0.30109638117012716,0.0013939647276394777,1,108,contingency_likelihood_ratio_G,joint_state_n_lt_3;joint_state_n_lt_5;apparent_extreme_fraction_in_tiny_joint_state,chemistry,False,1.0,1.0,1.0
37,1_00034,1,CBC_monocytosis,CBC_monocytosis,0.27285112255131216,0.00126319964144126,1,108,contingency_likelihood_ratio_G,,CBC,False,0.7582417582417582,1.0,1.0
38,1_00025,1,CBC_no abnormalities,CBC_no_abnormalities,0.16389406218931968,0.0007587688064320356,1,108,contingency_likelihood_ratio_G,,CBC,False,0.8071928071928072,1.0,1.0
39,1_00005,1,pli_abn,pli_abn,0.15687017437900241,0.0009120358975523396,1,86,contingency_likelihood_ratio_G,,GI panel,False,0.7162837162837162,1.0,1.0
40,1_00018,1,AUS_colon,AUS_colonic_thickening,0.10294078394820205,0.0004765777034638984,1,108,contingency_likelihood_ratio_G,,AUS,False,1.0,1.0,1.0
41,1_00014,1,AUS_no abnormalities,AUS_no_abnormalities,0.08424900901387133,0.00039004170839755247,1,108,contingency_likelihood_ratio_G,joint_state_n_lt_5;apparent_extreme_fraction_in_tiny_joint_state,AUS,False,1.0,1.0,1.0
42,1_00027,1,CBC_neutropenia,CBC_neutropenia,0.08424900901387133,0.00039004170839755247,1,108,contingency_likelihood_ratio_G,joint_state_n_lt_5;apparent_extreme_fraction_in_tiny_joint_state,CBC,False,1.0,1.0,1.0
43,1_00044,1,chem_azotemia,chem_azotemia,0.03406118805714897,0.00015769068544976375,1,108,contingency_likelihood_ratio_G,,chemistry,False,1.0,1.0,1.0
44,1_00007,1,clinical signs_none,clinical_signs_none_reported,0.029872362191622315,0.00013829797310936257,1,108,contingency_likelihood_ratio_G,,clinical signs,False,1.0,1.0,1.0
45,1_00016,1,AUS_jejunum,AUS_jejunal_thickening,0.021521276119940147,9.963553759231549e-05,1,108,contingency_likelihood_ratio_G,,AUS,False,1.0,1.0,1.0
46,1_00020,1,AUS_chronic degenerative renal changes,AUS_chronic_degenerative_renal_changes,0.021271637032804547,9.847980107779883e-05,1,108,contingency_likelihood_ratio_G,,AUS,False,1.0,1.0,1.0
47,1_00033,1,CBC_lymphopenia,CBC_lymphopenia,0.010003327279071828,4.631170036607327e-05,1,108,contingency_likelihood_ratio_G,,CBC,False,1.0,1.0,1.0
48,1_00037,1,chem_hypoproteinemia,chem_hypoproteinemia,0.010003327279071828,4.631170036607327e-05,1,108,contingency_likelihood_ratio_G,,chemistry,False,1.0,1.0,1.0
49,1_00049,1,chem_hypokalemia,chem_hypokalemia,0.010003327279071828,4.631170036607327e-05,1,108,contingency_likelihood_ratio_G,,chemistry,False,1.0,1.0,1.0
50,1_00017,1,AUS_ileum,AUS_ileal_thickening,0.00807635285387992,3.73905224716663e-05,1,108,contingency_likelihood_ratio_G,,AUS,False,1.0,1.0,1.0
51,1_00035,1,CBC_anemia,CBC_anemia,0.0048572429662443045,2.2487235954834742e-05,1,108,contingency_likelihood_ratio_G,joint_state_n_lt_5;apparent_extreme_fraction_in_tiny_joint_state,CBC,False,1.0,1.0,1.0
