candidate_id,rank_by_association_statistic,display_variables,state,n,IBD,lymphoma,lymphoma_fraction,expected_IBD_under_independence,expected_lymphoma_under_independence,CBC_neutrophilia,age_mean,age_median,age_min,age_max,sparse_warning,breed_group,AUS_duodenal_thickening,folate_high,chem_hyperproteinemia,clinical_signs_hyporexia,AUS_splenomegaly,CBC_basophilia,chem_discordantly_elevated_BUN,tli_high,AUS_enlarged_pancreas,AUS_gall_bladder_sludge,CBC_lymphopenia,chem_decreased_ALT,chem_hyperglycemia,chem_elevated_ALP,CBC_eosinophilia,CBC_lymphocytosis
2_00025,1,age|CBC_neutrophilia,0,106,32,74,0.6981132075471698,33.370370370370374,72.62962962962963,0.0,10.276981132075475,10.915,2.75,16.91,,,,,,,,,,,,,,,,,,
2_00025,1,age|CBC_neutrophilia,1,2,2,0,0.0,0.6296296296296297,1.3703703703703705,1.0,11.985,11.985,5.09,18.88,n_lt_3,,,,,,,,,,,,,,,,,
2_00292,2,breed_group|AUS_duodenal_thickening,DLH|0,4,3,1,0.25,1.2592592592592593,2.740740740740741,,,,,,n_lt_5,DLH,0,,,,,,,,,,,,,,,
2_00292,2,breed_group|AUS_duodenal_thickening,DLH|1,6,0,6,1.0,1.8888888888888888,4.111111111111111,,,,,,,DLH,1,,,,,,,,,,,,,,,
2_00292,2,breed_group|AUS_duodenal_thickening,DMH|0,2,2,0,0.0,0.6296296296296297,1.3703703703703705,,,,,,n_lt_3,DMH,0,,,,,,,,,,,,,,,
2_00292,2,breed_group|AUS_duodenal_thickening,DMH|1,7,3,4,0.5714285714285714,2.2037037037037037,4.796296296296297,,,,,,,DMH,1,,,,,,,,,,,,,,,
2_00292,2,breed_group|AUS_duodenal_thickening,DSH|0,26,7,19,0.7307692307692307,8.185185185185185,17.814814814814813,,,,,,,DSH,0,,,,,,,,,,,,,,,
2_00292,2,breed_group|AUS_duodenal_thickening,DSH|1,45,13,32,0.7111111111111111,14.166666666666666,30.833333333333332,,,,,,,DSH,1,,,,,,,,,,,,,,,
2_00292,2,breed_group|AUS_duodenal_thickening,other|0,2,1,1,0.5,0.6296296296296297,1.3703703703703705,,,,,,n_lt_3,other,0,,,,,,,,,,,,,,,
2_00292,2,breed_group|AUS_duodenal_thickening,other|1,16,5,11,0.6875,5.037037037037037,10.962962962962964,,,,,,,other,1,,,,,,,,,,,,,,,
2_00101,3,folate_high|breed_group,0.0|DLH,5,0,5,1.0,1.5555555555555556,3.4444444444444446,,,,,,,DLH,,0.0,,,,,,,,,,,,,,
2_00101,3,folate_high|breed_group,0.0|DMH,6,3,3,0.5,1.8666666666666667,4.133333333333334,,,,,,,DMH,,0.0,,,,,,,,,,,,,,
2_00101,3,folate_high|breed_group,0.0|DSH,42,14,28,0.6666666666666666,13.066666666666666,28.933333333333334,,,,,,,DSH,,0.0,,,,,,,,,,,,,,
2_00101,3,folate_high|breed_group,0.0|other,6,3,3,0.5,1.8666666666666667,4.133333333333334,,,,,,,other,,0.0,,,,,,,,,,,,,,
2_00101,3,folate_high|breed_group,1.0|DLH,4,2,2,0.5,1.2444444444444445,2.7555555555555555,,,,,,n_lt_5,DLH,,1.0,,,,,,,,,,,,,,
2_00101,3,folate_high|breed_group,1.0|DMH,1,1,0,0.0,0.3111111111111111,0.6888888888888889,,,,,,n_lt_3,DMH,,1.0,,,,,,,,,,,,,,
2_00101,3,folate_high|breed_group,1.0|DSH,17,2,15,0.8823529411764706,5.288888888888889,11.71111111111111,,,,,,,DSH,,1.0,,,,,,,,,,,,,,
2_00101,3,folate_high|breed_group,1.0|other,9,3,6,0.6666666666666666,2.8,6.2,,,,,,,other,,1.0,,,,,,,,,,,,,,
2_00037,4,age|chem_hyperproteinemia,0,101,34,67,0.6633663366336634,31.796296296296298,69.20370370370371,,10.192277227722773,10.78,2.75,18.88,,,,,0.0,,,,,,,,,,,,,
2_00037,4,age|chem_hyperproteinemia,1,7,0,7,1.0,2.2037037037037037,4.796296296296297,,11.987142857142857,12.23,3.43,16.87,,,,,1.0,,,,,,,,,,,,,
2_00287,5,breed_group|clinical_signs_hyporexia,DLH|0,9,3,6,0.6666666666666666,2.8333333333333335,6.166666666666667,,,,,,,DLH,,,,0,,,,,,,,,,,,
2_00287,5,breed_group|clinical_signs_hyporexia,DLH|1,1,0,1,1.0,0.3148148148148148,0.6851851851851852,,,,,,n_lt_3,DLH,,,,1,,,,,,,,,,,,
2_00287,5,breed_group|clinical_signs_hyporexia,DMH|0,6,3,3,0.5,1.8888888888888888,4.111111111111111,,,,,,,DMH,,,,0,,,,,,,,,,,,
2_00287,5,breed_group|clinical_signs_hyporexia,DMH|1,3,2,1,0.3333333333333333,0.9444444444444444,2.0555555555555554,,,,,,n_lt_5,DMH,,,,1,,,,,,,,,,,,
2_00287,5,breed_group|clinical_signs_hyporexia,DSH|0,62,20,42,0.6774193548387096,19.51851851851852,42.48148148148148,,,,,,,DSH,,,,0,,,,,,,,,,,,
2_00287,5,breed_group|clinical_signs_hyporexia,DSH|1,9,0,9,1.0,2.8333333333333335,6.166666666666667,,,,,,,DSH,,,,1,,,,,,,,,,,,
2_00287,5,breed_group|clinical_signs_hyporexia,other|0,16,6,10,0.625,5.037037037037037,10.962962962962964,,,,,,,other,,,,0,,,,,,,,,,,,
2_00287,5,breed_group|clinical_signs_hyporexia,other|1,2,0,2,1.0,0.6296296296296297,1.3703703703703705,,,,,,n_lt_3,other,,,,1,,,,,,,,,,,,
2_00859,6,AUS_splenomegaly|CBC_basophilia,00,92,25,67,0.7282608695652174,28.962962962962962,63.03703703703704,,,,,,,,,,,,0.0,0.0,,,,,,,,,,
2_00859,6,AUS_splenomegaly|CBC_basophilia,01,3,3,0,0.0,0.9444444444444444,2.0555555555555554,,,,,,n_lt_5,,,,,,0.0,1.0,,,,,,,,,,
2_00859,6,AUS_splenomegaly|CBC_basophilia,10,11,6,5,0.45454545454545453,3.462962962962963,7.537037037037037,,,,,,,,,,,,1.0,0.0,,,,,,,,,,
2_00859,6,AUS_splenomegaly|CBC_basophilia,11,2,0,2,1.0,0.6296296296296297,1.3703703703703705,,,,,,n_lt_3,,,,,,1.0,1.0,,,,,,,,,,
2_00044,7,age|chem_discordantly_elevated_BUN,0,106,32,74,0.6981132075471698,33.370370370370374,72.62962962962963,,10.337075471698116,10.915,2.75,18.88,,,,,,,,,0.0,,,,,,,,,
2_00044,7,age|chem_discordantly_elevated_BUN,1,2,2,0,0.0,0.6296296296296297,1.3703703703703705,,8.8,8.8,5.48,12.12,n_lt_3,,,,,,,,1.0,,,,,,,,,
2_00005,8,age|breed_group,DLH,10,3,7,0.7,3.1481481481481484,6.851851851851852,,9.25,10.629999999999999,3.24,13.84,,DLH,,,,,,,,,,,,,,,,
2_00005,8,age|breed_group,DMH,9,5,4,0.4444444444444444,2.8333333333333335,6.166666666666667,,11.767777777777777,11.45,6.24,18.88,,DMH,,,,,,,,,,,,,,,,
2_00005,8,age|breed_group,DSH,71,20,51,0.7183098591549296,22.35185185185185,48.648148148148145,,10.443521126760563,11.14,2.75,16.87,,DSH,,,,,,,,,,,,,,,,
2_00005,8,age|breed_group,other,18,6,12,0.6666666666666666,5.666666666666667,12.333333333333334,,9.634999999999998,9.56,4.26,14.93,,other,,,,,,,,,,,,,,,,
2_00218,9,tli_high|CBC_basophilia,00,57,19,38,0.6666666666666666,17.03448275862069,39.96551724137931,,,,,,,,,,,,,0.0,,0,,,,,,,,
2_00218,9,tli_high|CBC_basophilia,01,3,3,0,0.0,0.896551724137931,2.103448275862069,,,,,,n_lt_5,,,,,,,1.0,,0,,,,,,,,
2_00218,9,tli_high|CBC_basophilia,10,26,4,22,0.8461538461538461,7.7701149425287355,18.229885057471265,,,,,,,,,,,,,0.0,,1,,,,,,,,
2_00218,9,tli_high|CBC_basophilia,11,1,0,1,1.0,0.2988505747126437,0.7011494252873564,,,,,,n_lt_3,,,,,,,1.0,,1,,,,,,,,
2_00827,10,AUS_enlarged_pancreas|CBC_neutrophilia,00,80,29,51,0.6375,25.185185185185187,54.81481481481482,0.0,,,,,,,,,,,,,,,0,,,,,,,
2_00827,10,AUS_enlarged_pancreas|CBC_neutrophilia,01,1,1,0,0.0,0.3148148148148148,0.6851851851851852,1.0,,,,,n_lt_3,,,,,,,,,,0,,,,,,,
2_00827,10,AUS_enlarged_pancreas|CBC_neutrophilia,10,26,3,23,0.8846153846153846,8.185185185185185,17.814814814814813,0.0,,,,,,,,,,,,,,,1,,,,,,,
2_00827,10,AUS_enlarged_pancreas|CBC_neutrophilia,11,1,1,0,0.0,0.3148148148148148,0.6851851851851852,1.0,,,,,n_lt_3,,,,,,,,,,1,,,,,,,
2_00020,11,age|AUS_enlarged_pancreas,0,81,30,51,0.6296296296296297,25.5,55.5,,10.000987654320989,10.66,2.75,16.91,,,,,,,,,,,0,,,,,,,
2_00020,11,age|AUS_enlarged_pancreas,1,27,4,23,0.8518518518518519,8.5,18.5,,11.231481481481481,11.84,4.31,18.88,,,,,,,,,,,1,,,,,,,
2_00298,12,breed_group|AUS_enlarged_pancreas,DLH|0,7,3,4,0.5714285714285714,2.2037037037037037,4.796296296296297,,,,,,,DLH,,,,,,,,,0,,,,,,,
2_00298,12,breed_group|AUS_enlarged_pancreas,DLH|1,3,0,3,1.0,0.9444444444444444,2.0555555555555554,,,,,,n_lt_5,DLH,,,,,,,,,1,,,,,,,
2_00298,12,breed_group|AUS_enlarged_pancreas,DMH|0,7,4,3,0.42857142857142855,2.2037037037037037,4.796296296296297,,,,,,,DMH,,,,,,,,,0,,,,,,,
2_00298,12,breed_group|AUS_enlarged_pancreas,DMH|1,2,1,1,0.5,0.6296296296296297,1.3703703703703705,,,,,,n_lt_3,DMH,,,,,,,,,1,,,,,,,
2_00298,12,breed_group|AUS_enlarged_pancreas,DSH|0,56,19,37,0.6607142857142857,17.62962962962963,38.370370370370374,,,,,,,DSH,,,,,,,,,0,,,,,,,
2_00298,12,breed_group|AUS_enlarged_pancreas,DSH|1,15,1,14,0.9333333333333333,4.722222222222222,10.277777777777779,,,,,,,DSH,,,,,,,,,1,,,,,,,
2_00298,12,breed_group|AUS_enlarged_pancreas,other|0,11,4,7,0.6363636363636364,3.462962962962963,7.537037037037037,,,,,,,other,,,,,,,,,0,,,,,,,
2_00298,12,breed_group|AUS_enlarged_pancreas,other|1,7,2,5,0.7142857142857143,2.2037037037037037,4.796296296296297,,,,,,,other,,,,,,,,,1,,,,,,,
2_00214,13,tli_high|CBC_neutrophilia,00,59,21,38,0.6440677966101694,17.632183908045977,41.367816091954026,0.0,,,,,,,,,,,,,,0,,,,,,,,
2_00214,13,tli_high|CBC_neutrophilia,01,1,1,0,0.0,0.2988505747126437,0.7011494252873564,1.0,,,,,n_lt_3,,,,,,,,,0,,,,,,,,
2_00214,13,tli_high|CBC_neutrophilia,10,26,3,23,0.8846153846153846,7.7701149425287355,18.229885057471265,0.0,,,,,,,,,,,,,,1,,,,,,,,
2_00214,13,tli_high|CBC_neutrophilia,11,1,1,0,0.0,0.2988505747126437,0.7011494252873564,1.0,,,,,n_lt_3,,,,,,,,,1,,,,,,,,
2_00194,14,tli_high|breed_group,0.0|DLH,8,2,6,0.75,2.3908045977011496,5.609195402298851,,,,,,,DLH,,,,,,,,0.0,,,,,,,,
2_00194,14,tli_high|breed_group,0.0|DMH,4,3,1,0.25,1.1954022988505748,2.8045977011494254,,,,,,n_lt_5,DMH,,,,,,,,0.0,,,,,,,,
2_00194,14,tli_high|breed_group,0.0|DSH,36,12,24,0.6666666666666666,10.758620689655173,25.24137931034483,,,,,,,DSH,,,,,,,,0.0,,,,,,,,
2_00194,14,tli_high|breed_group,0.0|other,12,5,7,0.5833333333333334,3.586206896551724,8.413793103448276,,,,,,,other,,,,,,,,0.0,,,,,,,,
2_00194,14,tli_high|breed_group,1.0|DLH,1,0,1,1.0,0.2988505747126437,0.7011494252873564,,,,,,n_lt_3,DLH,,,,,,,,1.0,,,,,,,,
2_00194,14,tli_high|breed_group,1.0|DMH,3,1,2,0.6666666666666666,0.896551724137931,2.103448275862069,,,,,,n_lt_5,DMH,,,,,,,,1.0,,,,,,,,
2_00194,14,tli_high|breed_group,1.0|DSH,21,2,19,0.9047619047619048,6.275862068965517,14.724137931034482,,,,,,,DSH,,,,,,,,1.0,,,,,,,,
2_00194,14,tli_high|breed_group,1.0|other,2,1,1,0.5,0.5977011494252874,1.4022988505747127,,,,,,n_lt_3,other,,,,,,,,1.0,,,,,,,,
2_00915,15,AUS_gall_bladder_sludge|CBC_lymphopenia,00,87,30,57,0.6551724137931034,27.38888888888889,59.611111111111114,,,,,,,,,,,,,,,,,0.0,0.0,,,,,
2_00915,15,AUS_gall_bladder_sludge|CBC_lymphopenia,01,4,0,4,1.0,1.2592592592592593,2.740740740740741,,,,,,n_lt_5,,,,,,,,,,,0.0,1.0,,,,,
2_00915,15,AUS_gall_bladder_sludge|CBC_lymphopenia,10,15,2,13,0.8666666666666667,4.722222222222222,10.277777777777779,,,,,,,,,,,,,,,,,1.0,0.0,,,,,
2_00915,15,AUS_gall_bladder_sludge|CBC_lymphopenia,11,2,2,0,0.0,0.6296296296296297,1.3703703703703705,,,,,,n_lt_3,,,,,,,,,,,1.0,1.0,,,,,
2_00839,16,AUS_enlarged_pancreas|chem_hyperproteinemia,00,76,30,46,0.6052631578947368,23.925925925925927,52.074074074074076,,,,,,,,,,0.0,,,,,,0,,,,,,,
2_00839,16,AUS_enlarged_pancreas|chem_hyperproteinemia,01,5,0,5,1.0,1.5740740740740742,3.425925925925926,,,,,,,,,,1.0,,,,,,0,,,,,,,
2_00839,16,AUS_enlarged_pancreas|chem_hyperproteinemia,10,25,4,21,0.84,7.87037037037037,17.12962962962963,,,,,,,,,,0.0,,,,,,1,,,,,,,
2_00839,16,AUS_enlarged_pancreas|chem_hyperproteinemia,11,2,0,2,1.0,0.6296296296296297,1.3703703703703705,,,,,,n_lt_3,,,,1.0,,,,,,1,,,,,,,
2_00038,17,age|chem_decreased_ALT,0,106,32,74,0.6981132075471698,33.370370370370374,72.62962962962963,,10.389056603773588,10.985,2.75,18.88,,,,,,,,,,,,,,0.0,,,,
2_00038,17,age|chem_decreased_ALT,1,2,2,0,0.0,0.6296296296296297,1.3703703703703705,,6.045,6.045,5.09,7.0,n_lt_3,,,,,,,,,,,,,1.0,,,,
2_00009,18,age|clinical_signs_hyporexia,0,93,32,61,0.6559139784946236,29.27777777777778,63.72222222222222,,10.201720430107528,10.94,2.75,18.88,,,,,,0,,,,,,,,,,,,
2_00009,18,age|clinical_signs_hyporexia,1,15,2,13,0.8666666666666667,4.722222222222222,10.277777777777779,,10.97133333333333,10.6,3.43,16.91,,,,,,1,,,,,,,,,,,,
2_00959,19,CBC_neutrophilia|chem_hyperproteinemia,00,99,32,67,0.6767676767676768,31.166666666666668,67.83333333333333,0.0,,,,,,,,,0.0,,,,,,,,,,,,,
2_00959,19,CBC_neutrophilia|chem_hyperproteinemia,01,7,0,7,1.0,2.2037037037037037,4.796296296296297,0.0,,,,,,,,,1.0,,,,,,,,,,,,,
2_00959,19,CBC_neutrophilia|chem_hyperproteinemia,10,2,2,0,0.0,0.6296296296296297,1.3703703703703705,1.0,,,,,n_lt_3,,,,0.0,,,,,,,,,,,,,
2_00959,19,CBC_neutrophilia|chem_hyperproteinemia,11,0,0,0,,0.0,0.0,1.0,,,,,empty,,,,1.0,,,,,,,,,,,,,
2_01156,20,chem_hyperproteinemia|chem_decreased_ALT,00,99,32,67,0.6767676767676768,31.166666666666668,67.83333333333333,,,,,,,,,,0.0,,,,,,,,,0.0,,,,
2_01156,20,chem_hyperproteinemia|chem_decreased_ALT,01,2,2,0,0.0,0.6296296296296297,1.3703703703703705,,,,,,n_lt_3,,,,0.0,,,,,,,,,1.0,,,,
2_01156,20,chem_hyperproteinemia|chem_decreased_ALT,10,7,0,7,1.0,2.2037037037037037,4.796296296296297,,,,,,,,,,1.0,,,,,,,,,0.0,,,,
2_01156,20,chem_hyperproteinemia|chem_decreased_ALT,11,0,0,0,,0.0,0.0,,,,,,empty,,,,1.0,,,,,,,,,1.0,,,,
2_01162,21,chem_hyperproteinemia|chem_discordantly_elevated_BUN,00,99,32,67,0.6767676767676768,31.166666666666668,67.83333333333333,,,,,,,,,,0.0,,,,0.0,,,,,,,,,
2_01162,21,chem_hyperproteinemia|chem_discordantly_elevated_BUN,01,2,2,0,0.0,0.6296296296296297,1.3703703703703705,,,,,,n_lt_3,,,,0.0,,,,1.0,,,,,,,,,
2_01162,21,chem_hyperproteinemia|chem_discordantly_elevated_BUN,10,7,0,7,1.0,2.2037037037037037,4.796296296296297,,,,,,,,,,1.0,,,,0.0,,,,,,,,,
2_01162,21,chem_hyperproteinemia|chem_discordantly_elevated_BUN,11,0,0,0,,0.0,0.0,,,,,,empty,,,,1.0,,,,1.0,,,,,,,,,
2_01163,22,chem_hyperproteinemia|chem_hyperglycemia,00,99,32,67,0.6767676767676768,31.166666666666668,67.83333333333333,,,,,,,,,,0.0,,,,,,,,,,0.0,,,
2_01163,22,chem_hyperproteinemia|chem_hyperglycemia,01,2,2,0,0.0,0.6296296296296297,1.3703703703703705,,,,,,n_lt_3,,,,0.0,,,,,,,,,,1.0,,,
2_01163,22,chem_hyperproteinemia|chem_hyperglycemia,10,7,0,7,1.0,2.2037037037037037,4.796296296296297,,,,,,,,,,1.0,,,,,,,,,,0.0,,,
2_01163,22,chem_hyperproteinemia|chem_hyperglycemia,11,0,0,0,,0.0,0.0,,,,,,empty,,,,1.0,,,,,,,,,,1.0,,,
2_00041,23,age|chem_elevated_ALP,0,107,33,74,0.6915887850467289,33.68518518518518,73.31481481481481,,10.303364485981309,10.94,2.75,18.88,,,,,,,,,,,,,,,,0.0,,
2_00041,23,age|chem_elevated_ALP,1,1,1,0,0.0,0.3148148148148148,0.6851851851851852,,10.87,10.87,10.87,10.87,n_lt_3,,,,,,,,,,,,,,,1.0,,
2_00829,24,AUS_enlarged_pancreas|CBC_eosinophilia,00,76,26,50,0.6578947368421053,23.925925925925927,52.074074074074076,,,,,,,,,,,,,,,,0,,,,,,0.0,
2_00829,24,AUS_enlarged_pancreas|CBC_eosinophilia,01,5,4,1,0.2,1.5740740740740742,3.425925925925926,,,,,,,,,,,,,,,,0,,,,,,1.0,
2_00829,24,AUS_enlarged_pancreas|CBC_eosinophilia,10,25,4,21,0.84,7.87037037037037,17.12962962962963,,,,,,,,,,,,,,,,1,,,,,,0.0,
2_00829,24,AUS_enlarged_pancreas|CBC_eosinophilia,11,2,0,2,1.0,0.6296296296296297,1.3703703703703705,,,,,,n_lt_3,,,,,,,,,,1,,,,,,1.0,
2_00031,25,age|CBC_lymphocytosis,0,106,34,72,0.6792452830188679,33.370370370370374,72.62962962962963,,10.372735849056605,10.985,2.75,18.88,,,,,,,,,,,,,,,,,,0.0
2_00031,25,age|CBC_lymphocytosis,1,2,0,2,1.0,0.6296296296296297,1.3703703703703705,,6.91,6.91,3.22,10.6,n_lt_3,,,,,,,,,,,,,,,,,1.0
