candidate_id,rank_by_association_statistic,display_variables,state,n,IBD,lymphoma,lymphoma_fraction,expected_IBD_under_independence,expected_lymphoma_under_independence,age_mean,age_median,age_min,age_max,sparse_warning,chem_hyperproteinemia,AUS_enlarged_pancreas,CBC_neutrophilia,chem_decreased_ALT,chem_discordantly_elevated_BUN,chem_hyperglycemia,tli_high,clinical_signs_hyporexia,breed_group,CBC_eosinopenia,chem_elevated_ALP,AUS_ileus,CBC_eosinophilia,CBC_basophilia,clinical_signs_hairball_obstruction,CBC_lymphocytosis,chem_elevated_total_bilirubin,chem_hypophosphatemia,cobalamin_low,AUS_splenomegaly,clinical_signs_diarrhea,AUS_duodenal_thickening,AUS_mesenteric_lymphadenopathy,clinical_signs_vomiting
1_00000,1,age,all,108,34,74,0.6851851851851852,34.0,74.0,10.30861111111111,10.915,2.75,18.88,,,,,,,,,,,,,,,,,,,,,,,,,
1_00038,2,chem_hyperproteinemia,0,101,34,67,0.6633663366336634,31.796296296296298,69.20370370370371,,,,,,0.0,,,,,,,,,,,,,,,,,,,,,,,
1_00038,2,chem_hyperproteinemia,1,7,0,7,1.0,2.2037037037037037,4.796296296296297,,,,,,1.0,,,,,,,,,,,,,,,,,,,,,,,
1_00021,3,AUS_enlarged_pancreas,0,81,30,51,0.6296296296296297,25.5,55.5,,,,,,,0.0,,,,,,,,,,,,,,,,,,,,,,
1_00021,3,AUS_enlarged_pancreas,1,27,4,23,0.8518518518518519,8.5,18.5,,,,,,,1.0,,,,,,,,,,,,,,,,,,,,,,
1_00026,4,CBC_neutrophilia,0,106,32,74,0.6981132075471698,33.370370370370374,72.62962962962963,,,,,,,,0.0,,,,,,,,,,,,,,,,,,,,,
1_00026,4,CBC_neutrophilia,1,2,2,0,0.0,0.6296296296296297,1.3703703703703705,,,,,n_lt_3,,,1.0,,,,,,,,,,,,,,,,,,,,,
1_00039,5,chem_decreased_ALT,0,106,32,74,0.6981132075471698,33.370370370370374,72.62962962962963,,,,,,,,,0.0,,,,,,,,,,,,,,,,,,,,
1_00039,5,chem_decreased_ALT,1,2,2,0,0.0,0.6296296296296297,1.3703703703703705,,,,,n_lt_3,,,,1.0,,,,,,,,,,,,,,,,,,,,
1_00045,6,chem_discordantly_elevated_BUN,0,106,32,74,0.6981132075471698,33.370370370370374,72.62962962962963,,,,,,,,,,0.0,,,,,,,,,,,,,,,,,,,
1_00045,6,chem_discordantly_elevated_BUN,1,2,2,0,0.0,0.6296296296296297,1.3703703703703705,,,,,n_lt_3,,,,,1.0,,,,,,,,,,,,,,,,,,,
1_00046,7,chem_hyperglycemia,0,106,32,74,0.6981132075471698,33.370370370370374,72.62962962962963,,,,,,,,,,,0.0,,,,,,,,,,,,,,,,,,
1_00046,7,chem_hyperglycemia,1,2,2,0,0.0,0.6296296296296297,1.3703703703703705,,,,,n_lt_3,,,,,,1.0,,,,,,,,,,,,,,,,,,
1_00004,8,tli_high,0,60,22,38,0.6333333333333333,17.93103448275862,42.06896551724138,,,,,,,,,,,,0.0,,,,,,,,,,,,,,,,,
1_00004,8,tli_high,1,27,4,23,0.8518518518518519,8.068965517241379,18.93103448275862,,,,,,,,,,,,1.0,,,,,,,,,,,,,,,,,
1_00010,9,clinical_signs_hyporexia,0,93,32,61,0.6559139784946236,29.27777777777778,63.72222222222222,,,,,,,,,,,,,0.0,,,,,,,,,,,,,,,,
1_00010,9,clinical_signs_hyporexia,1,15,2,13,0.8666666666666667,4.722222222222222,10.277777777777779,,,,,,,,,,,,,1.0,,,,,,,,,,,,,,,,
1_00006,10,breed_group,DLH,10,3,7,0.7,3.1481481481481484,6.851851851851852,,,,,,,,,,,,,,DLH,,,,,,,,,,,,,,,
1_00006,10,breed_group,DMH,9,5,4,0.4444444444444444,2.8333333333333335,6.166666666666667,,,,,,,,,,,,,,DMH,,,,,,,,,,,,,,,
1_00006,10,breed_group,DSH,71,20,51,0.7183098591549296,22.35185185185185,48.648148148148145,,,,,,,,,,,,,,DSH,,,,,,,,,,,,,,,
1_00006,10,breed_group,other,18,6,12,0.6666666666666666,5.666666666666667,12.333333333333334,,,,,,,,,,,,,,other,,,,,,,,,,,,,,,
1_00029,11,CBC_eosinopenia,0,107,33,74,0.6915887850467289,33.68518518518518,73.31481481481481,,,,,,,,,,,,,,,0.0,,,,,,,,,,,,,,
1_00029,11,CBC_eosinopenia,1,1,1,0,0.0,0.3148148148148148,0.6851851851851852,,,,,n_lt_3,,,,,,,,,,1.0,,,,,,,,,,,,,,
1_00042,12,chem_elevated_ALP,0,107,33,74,0.6915887850467289,33.68518518518518,73.31481481481481,,,,,,,,,,,,,,,,0.0,,,,,,,,,,,,,
1_00042,12,chem_elevated_ALP,1,1,1,0,0.0,0.3148148148148148,0.6851851851851852,,,,,n_lt_3,,,,,,,,,,,1.0,,,,,,,,,,,,,
1_00023,13,AUS_ileus,0,101,30,71,0.7029702970297029,31.796296296296298,69.20370370370371,,,,,,,,,,,,,,,,,0.0,,,,,,,,,,,,
1_00023,13,AUS_ileus,1,7,4,3,0.42857142857142855,2.2037037037037037,4.796296296296297,,,,,,,,,,,,,,,,,1.0,,,,,,,,,,,,
1_00028,14,CBC_eosinophilia,0,101,30,71,0.7029702970297029,31.796296296296298,69.20370370370371,,,,,,,,,,,,,,,,,,0.0,,,,,,,,,,,
1_00028,14,CBC_eosinophilia,1,7,4,3,0.42857142857142855,2.2037037037037037,4.796296296296297,,,,,,,,,,,,,,,,,,1.0,,,,,,,,,,,
1_00030,15,CBC_basophilia,0,103,31,72,0.6990291262135923,32.425925925925924,70.57407407407408,,,,,,,,,,,,,,,,,,,0.0,,,,,,,,,,
1_00030,15,CBC_basophilia,1,5,3,2,0.4,1.5740740740740742,3.425925925925926,,,,,,,,,,,,,,,,,,,1.0,,,,,,,,,,
1_00012,16,clinical_signs_hairball_obstruction,0,105,32,73,0.6952380952380952,33.05555555555556,71.94444444444444,,,,,,,,,,,,,,,,,,,,0.0,,,,,,,,,
1_00012,16,clinical_signs_hairball_obstruction,1,3,2,1,0.3333333333333333,0.9444444444444444,2.0555555555555554,,,,,n_lt_5,,,,,,,,,,,,,,,1.0,,,,,,,,,
1_00032,17,CBC_lymphocytosis,0,106,34,72,0.6792452830188679,33.370370370370374,72.62962962962963,,,,,,,,,,,,,,,,,,,,,0.0,,,,,,,,
1_00032,17,CBC_lymphocytosis,1,2,0,2,1.0,0.6296296296296297,1.3703703703703705,,,,,n_lt_3,,,,,,,,,,,,,,,,1.0,,,,,,,,
1_00043,18,chem_elevated_total_bilirubin,0,106,34,72,0.6792452830188679,33.370370370370374,72.62962962962963,,,,,,,,,,,,,,,,,,,,,,0.0,,,,,,,
1_00043,18,chem_elevated_total_bilirubin,1,2,0,2,1.0,0.6296296296296297,1.3703703703703705,,,,,n_lt_3,,,,,,,,,,,,,,,,,1.0,,,,,,,
1_00050,19,chem_hypophosphatemia,0,106,34,72,0.6792452830188679,33.370370370370374,72.62962962962963,,,,,,,,,,,,,,,,,,,,,,,0.0,,,,,,
1_00050,19,chem_hypophosphatemia,1,2,0,2,1.0,0.6296296296296297,1.3703703703703705,,,,,n_lt_3,,,,,,,,,,,,,,,,,,1.0,,,,,,
1_00001,20,cobalamin_low,0,56,20,36,0.6428571428571429,17.42222222222222,38.577777777777776,,,,,,,,,,,,,,,,,,,,,,,,0.0,,,,,
1_00001,20,cobalamin_low,1,34,8,26,0.7647058823529411,10.577777777777778,23.42222222222222,,,,,,,,,,,,,,,,,,,,,,,,1.0,,,,,
1_00022,21,AUS_splenomegaly,0,95,28,67,0.7052631578947368,29.90740740740741,65.0925925925926,,,,,,,,,,,,,,,,,,,,,,,,,0.0,,,,
1_00022,21,AUS_splenomegaly,1,13,6,7,0.5384615384615384,4.092592592592593,8.907407407407407,,,,,,,,,,,,,,,,,,,,,,,,,1.0,,,,
1_00009,22,clinical_signs_diarrhea,0,74,21,53,0.7162162162162162,23.296296296296298,50.7037037037037,,,,,,,,,,,,,,,,,,,,,,,,,,0.0,,,
1_00009,22,clinical_signs_diarrhea,1,34,13,21,0.6176470588235294,10.703703703703704,23.296296296296298,,,,,,,,,,,,,,,,,,,,,,,,,,1.0,,,
1_00015,23,AUS_duodenal_thickening,0,34,13,21,0.6176470588235294,10.703703703703704,23.296296296296298,,,,,,,,,,,,,,,,,,,,,,,,,,,0.0,,
1_00015,23,AUS_duodenal_thickening,1,74,21,53,0.7162162162162162,23.296296296296298,50.7037037037037,,,,,,,,,,,,,,,,,,,,,,,,,,,1.0,,
1_00019,24,AUS_mesenteric_lymphadenopathy,0,56,20,36,0.6428571428571429,17.62962962962963,38.370370370370374,,,,,,,,,,,,,,,,,,,,,,,,,,,,0.0,
1_00019,24,AUS_mesenteric_lymphadenopathy,1,52,14,38,0.7307692307692307,16.37037037037037,35.629629629629626,,,,,,,,,,,,,,,,,,,,,,,,,,,,1.0,
1_00008,25,clinical_signs_vomiting,0,42,11,31,0.7380952380952381,13.222222222222221,28.77777777777778,,,,,,,,,,,,,,,,,,,,,,,,,,,,,0.0
1_00008,25,clinical_signs_vomiting,1,66,23,43,0.6515151515151515,20.77777777777778,45.22222222222222,,,,,,,,,,,,,,,,,,,,,,,,,,,,,1.0
