candidate_id,rank_by_association_statistic,display_variables,state,n,IBD,lymphoma,lymphoma_fraction,expected_IBD_under_independence,expected_lymphoma_under_independence,tli_high,breed_group,AUS_enlarged_pancreas,sparse_warning,folate_high,AUS_duodenal_thickening,AUS_ileal_thickening,cobalamin_low,pli_abn,chem_no_abnormalities,clinical_signs_weight_loss,clinical_signs_diarrhea,chem_azotemia,clinical_signs_hyporexia,CBC_no_abnormalities,AUS_jejunal_thickening,AUS_mesenteric_lymphadenopathy,clinical_signs_vomiting,age_mean,age_median,age_min,age_max,CBC_monocytosis
3_04460,1,tli_high|breed_group|AUS_enlarged_pancreas,0.0|DLH|0,5,2,3,0.6,1.4942528735632183,3.5057471264367814,0.0,DLH,0,,,,,,,,,,,,,,,,,,,,
3_04460,1,tli_high|breed_group|AUS_enlarged_pancreas,0.0|DLH|1,3,0,3,1.0,0.896551724137931,2.103448275862069,0.0,DLH,1,n_lt_5,,,,,,,,,,,,,,,,,,,
3_04460,1,tli_high|breed_group|AUS_enlarged_pancreas,0.0|DMH|0,3,3,0,0.0,0.896551724137931,2.103448275862069,0.0,DMH,0,n_lt_5,,,,,,,,,,,,,,,,,,,
3_04460,1,tli_high|breed_group|AUS_enlarged_pancreas,0.0|DMH|1,1,0,1,1.0,0.2988505747126437,0.7011494252873564,0.0,DMH,1,n_lt_3,,,,,,,,,,,,,,,,,,,
3_04460,1,tli_high|breed_group|AUS_enlarged_pancreas,0.0|DSH|0,29,11,18,0.6206896551724138,8.666666666666666,20.333333333333332,0.0,DSH,0,,,,,,,,,,,,,,,,,,,,
3_04460,1,tli_high|breed_group|AUS_enlarged_pancreas,0.0|DSH|1,7,1,6,0.8571428571428571,2.0919540229885056,4.908045977011494,0.0,DSH,1,,,,,,,,,,,,,,,,,,,,
3_04460,1,tli_high|breed_group|AUS_enlarged_pancreas,0.0|other|0,8,3,5,0.625,2.3908045977011496,5.609195402298851,0.0,other,0,,,,,,,,,,,,,,,,,,,,
3_04460,1,tli_high|breed_group|AUS_enlarged_pancreas,0.0|other|1,4,2,2,0.5,1.1954022988505748,2.8045977011494254,0.0,other,1,n_lt_5,,,,,,,,,,,,,,,,,,,
3_04460,1,tli_high|breed_group|AUS_enlarged_pancreas,1.0|DLH|0,1,0,1,1.0,0.2988505747126437,0.7011494252873564,1.0,DLH,0,n_lt_3,,,,,,,,,,,,,,,,,,,
3_04460,1,tli_high|breed_group|AUS_enlarged_pancreas,1.0|DMH|0,2,0,2,1.0,0.5977011494252874,1.4022988505747127,1.0,DMH,0,n_lt_3,,,,,,,,,,,,,,,,,,,
3_04460,1,tli_high|breed_group|AUS_enlarged_pancreas,1.0|DMH|1,1,1,0,0.0,0.2988505747126437,0.7011494252873564,1.0,DMH,1,n_lt_3,,,,,,,,,,,,,,,,,,,
3_04460,1,tli_high|breed_group|AUS_enlarged_pancreas,1.0|DSH|0,13,2,11,0.8461538461538461,3.8850574712643677,9.114942528735632,1.0,DSH,0,,,,,,,,,,,,,,,,,,,,
3_04460,1,tli_high|breed_group|AUS_enlarged_pancreas,1.0|DSH|1,8,0,8,1.0,2.3908045977011496,5.609195402298851,1.0,DSH,1,,,,,,,,,,,,,,,,,,,,
3_04460,1,tli_high|breed_group|AUS_enlarged_pancreas,1.0|other|0,1,1,0,0.0,0.2988505747126437,0.7011494252873564,1.0,other,0,n_lt_3,,,,,,,,,,,,,,,,,,,
3_04460,1,tli_high|breed_group|AUS_enlarged_pancreas,1.0|other|1,1,0,1,1.0,0.2988505747126437,0.7011494252873564,1.0,other,1,n_lt_3,,,,,,,,,,,,,,,,,,,
3_02320,2,folate_high|tli_high|breed_group,0.0|0.0|DLH,5,0,5,1.0,1.4942528735632183,3.5057471264367814,0.0,DLH,,,0.0,,,,,,,,,,,,,,,,,,
3_02320,2,folate_high|tli_high|breed_group,0.0|0.0|DMH,4,3,1,0.25,1.1954022988505748,2.8045977011494254,0.0,DMH,,n_lt_5,0.0,,,,,,,,,,,,,,,,,,
3_02320,2,folate_high|tli_high|breed_group,0.0|0.0|DSH,30,11,19,0.6333333333333333,8.96551724137931,21.03448275862069,0.0,DSH,,,0.0,,,,,,,,,,,,,,,,,,
3_02320,2,folate_high|tli_high|breed_group,0.0|0.0|other,5,2,3,0.6,1.4942528735632183,3.5057471264367814,0.0,other,,,0.0,,,,,,,,,,,,,,,,,,
3_02320,2,folate_high|tli_high|breed_group,0.0|1.0|DMH,2,0,2,1.0,0.5977011494252874,1.4022988505747127,1.0,DMH,,n_lt_3,0.0,,,,,,,,,,,,,,,,,,
3_02320,2,folate_high|tli_high|breed_group,0.0|1.0|DSH,11,2,9,0.8181818181818182,3.2873563218390807,7.712643678160919,1.0,DSH,,,0.0,,,,,,,,,,,,,,,,,,
3_02320,2,folate_high|tli_high|breed_group,0.0|1.0|other,1,1,0,0.0,0.2988505747126437,0.7011494252873564,1.0,other,,n_lt_3,0.0,,,,,,,,,,,,,,,,,,
3_02320,2,folate_high|tli_high|breed_group,1.0|0.0|DLH,3,2,1,0.3333333333333333,0.896551724137931,2.103448275862069,0.0,DLH,,n_lt_5,1.0,,,,,,,,,,,,,,,,,,
3_02320,2,folate_high|tli_high|breed_group,1.0|0.0|DSH,6,1,5,0.8333333333333334,1.793103448275862,4.206896551724138,0.0,DSH,,,1.0,,,,,,,,,,,,,,,,,,
3_02320,2,folate_high|tli_high|breed_group,1.0|0.0|other,7,3,4,0.5714285714285714,2.0919540229885056,4.908045977011494,0.0,other,,,1.0,,,,,,,,,,,,,,,,,,
3_02320,2,folate_high|tli_high|breed_group,1.0|1.0|DLH,1,0,1,1.0,0.2988505747126437,0.7011494252873564,1.0,DLH,,n_lt_3,1.0,,,,,,,,,,,,,,,,,,
3_02320,2,folate_high|tli_high|breed_group,1.0|1.0|DMH,1,1,0,0.0,0.2988505747126437,0.7011494252873564,1.0,DMH,,n_lt_3,1.0,,,,,,,,,,,,,,,,,,
3_02320,2,folate_high|tli_high|breed_group,1.0|1.0|DSH,10,0,10,1.0,2.9885057471264367,7.011494252873563,1.0,DSH,,,1.0,,,,,,,,,,,,,,,,,,
3_02320,2,folate_high|tli_high|breed_group,1.0|1.0|other,1,0,1,1.0,0.2988505747126437,0.7011494252873564,1.0,other,,n_lt_3,1.0,,,,,,,,,,,,,,,,,,
3_06647,3,breed_group|AUS_duodenal_thickening|AUS_ileal_thickening,DLH|0|0,3,3,0,0.0,0.9444444444444444,2.0555555555555554,,DLH,,n_lt_5,,0,0,,,,,,,,,,,,,,,,
3_06647,3,breed_group|AUS_duodenal_thickening|AUS_ileal_thickening,DLH|0|1,1,0,1,1.0,0.3148148148148148,0.6851851851851852,,DLH,,n_lt_3,,0,1,,,,,,,,,,,,,,,,
3_06647,3,breed_group|AUS_duodenal_thickening|AUS_ileal_thickening,DLH|1|0,6,0,6,1.0,1.8888888888888888,4.111111111111111,,DLH,,,,1,0,,,,,,,,,,,,,,,,
3_06647,3,breed_group|AUS_duodenal_thickening|AUS_ileal_thickening,DMH|0|0,2,2,0,0.0,0.6296296296296297,1.3703703703703705,,DMH,,n_lt_3,,0,0,,,,,,,,,,,,,,,,
3_06647,3,breed_group|AUS_duodenal_thickening|AUS_ileal_thickening,DMH|1|0,5,3,2,0.4,1.5740740740740742,3.425925925925926,,DMH,,,,1,0,,,,,,,,,,,,,,,,
3_06647,3,breed_group|AUS_duodenal_thickening|AUS_ileal_thickening,DMH|1|1,2,0,2,1.0,0.6296296296296297,1.3703703703703705,,DMH,,n_lt_3,,1,1,,,,,,,,,,,,,,,,
3_06647,3,breed_group|AUS_duodenal_thickening|AUS_ileal_thickening,DSH|0|0,24,7,17,0.7083333333333334,7.555555555555555,16.444444444444443,,DSH,,,,0,0,,,,,,,,,,,,,,,,
3_06647,3,breed_group|AUS_duodenal_thickening|AUS_ileal_thickening,DSH|0|1,2,0,2,1.0,0.6296296296296297,1.3703703703703705,,DSH,,n_lt_3,,0,1,,,,,,,,,,,,,,,,
3_06647,3,breed_group|AUS_duodenal_thickening|AUS_ileal_thickening,DSH|1|0,29,7,22,0.7586206896551724,9.12962962962963,19.87037037037037,,DSH,,,,1,0,,,,,,,,,,,,,,,,
3_06647,3,breed_group|AUS_duodenal_thickening|AUS_ileal_thickening,DSH|1|1,16,6,10,0.625,5.037037037037037,10.962962962962964,,DSH,,,,1,1,,,,,,,,,,,,,,,,
3_06647,3,breed_group|AUS_duodenal_thickening|AUS_ileal_thickening,other|0|0,1,0,1,1.0,0.3148148148148148,0.6851851851851852,,other,,n_lt_3,,0,0,,,,,,,,,,,,,,,,
3_06647,3,breed_group|AUS_duodenal_thickening|AUS_ileal_thickening,other|0|1,1,1,0,0.0,0.3148148148148148,0.6851851851851852,,other,,n_lt_3,,0,1,,,,,,,,,,,,,,,,
3_06647,3,breed_group|AUS_duodenal_thickening|AUS_ileal_thickening,other|1|0,12,4,8,0.6666666666666666,3.7777777777777777,8.222222222222221,,other,,,,1,0,,,,,,,,,,,,,,,,
3_06647,3,breed_group|AUS_duodenal_thickening|AUS_ileal_thickening,other|1|1,4,1,3,0.75,1.2592592592592593,2.740740740740741,,other,,n_lt_5,,1,1,,,,,,,,,,,,,,,,
3_01186,4,cobalamin_low|folate_high|breed_group,0.0|0.0|DLH,2,0,2,1.0,0.6222222222222222,1.3777777777777778,,DLH,,n_lt_3,0.0,,,0.0,,,,,,,,,,,,,,,
3_01186,4,cobalamin_low|folate_high|breed_group,0.0|0.0|DMH,1,1,0,0.0,0.3111111111111111,0.6888888888888889,,DMH,,n_lt_3,0.0,,,0.0,,,,,,,,,,,,,,,
3_01186,4,cobalamin_low|folate_high|breed_group,0.0|0.0|DSH,27,12,15,0.5555555555555556,8.4,18.6,,DSH,,,0.0,,,0.0,,,,,,,,,,,,,,,
3_01186,4,cobalamin_low|folate_high|breed_group,0.0|0.0|other,4,1,3,0.75,1.2444444444444445,2.7555555555555555,,other,,n_lt_5,0.0,,,0.0,,,,,,,,,,,,,,,
3_01186,4,cobalamin_low|folate_high|breed_group,0.0|1.0|DLH,2,1,1,0.5,0.6222222222222222,1.3777777777777778,,DLH,,n_lt_3,1.0,,,0.0,,,,,,,,,,,,,,,
3_01186,4,cobalamin_low|folate_high|breed_group,0.0|1.0|DSH,13,2,11,0.8461538461538461,4.044444444444444,8.955555555555556,,DSH,,,1.0,,,0.0,,,,,,,,,,,,,,,
3_01186,4,cobalamin_low|folate_high|breed_group,0.0|1.0|other,7,3,4,0.5714285714285714,2.1777777777777776,4.822222222222222,,other,,,1.0,,,0.0,,,,,,,,,,,,,,,
3_01186,4,cobalamin_low|folate_high|breed_group,1.0|0.0|DLH,3,0,3,1.0,0.9333333333333333,2.066666666666667,,DLH,,n_lt_5,0.0,,,1.0,,,,,,,,,,,,,,,
3_01186,4,cobalamin_low|folate_high|breed_group,1.0|0.0|DMH,5,2,3,0.6,1.5555555555555556,3.4444444444444446,,DMH,,,0.0,,,1.0,,,,,,,,,,,,,,,
3_01186,4,cobalamin_low|folate_high|breed_group,1.0|0.0|DSH,15,2,13,0.8666666666666667,4.666666666666667,10.333333333333334,,DSH,,,0.0,,,1.0,,,,,,,,,,,,,,,
3_01186,4,cobalamin_low|folate_high|breed_group,1.0|0.0|other,2,2,0,0.0,0.6222222222222222,1.3777777777777778,,other,,n_lt_3,0.0,,,1.0,,,,,,,,,,,,,,,
3_01186,4,cobalamin_low|folate_high|breed_group,1.0|1.0|DLH,2,1,1,0.5,0.6222222222222222,1.3777777777777778,,DLH,,n_lt_3,1.0,,,1.0,,,,,,,,,,,,,,,
3_01186,4,cobalamin_low|folate_high|breed_group,1.0|1.0|DMH,1,1,0,0.0,0.3111111111111111,0.6888888888888889,,DMH,,n_lt_3,1.0,,,1.0,,,,,,,,,,,,,,,
3_01186,4,cobalamin_low|folate_high|breed_group,1.0|1.0|DSH,4,0,4,1.0,1.2444444444444445,2.7555555555555555,,DSH,,n_lt_5,1.0,,,1.0,,,,,,,,,,,,,,,
3_01186,4,cobalamin_low|folate_high|breed_group,1.0|1.0|other,2,0,2,1.0,0.6222222222222222,1.3777777777777778,,other,,n_lt_3,1.0,,,1.0,,,,,,,,,,,,,,,
3_02365,5,folate_high|pli_abn|breed_group,0.0|0.0|DLH,5,0,5,1.0,1.4534883720930232,3.546511627906977,,DLH,,,0.0,,,,0.0,,,,,,,,,,,,,,
3_02365,5,folate_high|pli_abn|breed_group,0.0|0.0|DMH,5,3,2,0.4,1.4534883720930232,3.546511627906977,,DMH,,,0.0,,,,0.0,,,,,,,,,,,,,,
3_02365,5,folate_high|pli_abn|breed_group,0.0|0.0|DSH,34,11,23,0.6764705882352942,9.883720930232558,24.11627906976744,,DSH,,,0.0,,,,0.0,,,,,,,,,,,,,,
3_02365,5,folate_high|pli_abn|breed_group,0.0|0.0|other,4,1,3,0.75,1.1627906976744187,2.8372093023255816,,other,,n_lt_5,0.0,,,,0.0,,,,,,,,,,,,,,
3_02365,5,folate_high|pli_abn|breed_group,0.0|1.0|DMH,1,0,1,1.0,0.29069767441860467,0.7093023255813954,,DMH,,n_lt_3,0.0,,,,1.0,,,,,,,,,,,,,,
3_02365,5,folate_high|pli_abn|breed_group,0.0|1.0|DSH,7,2,5,0.7142857142857143,2.0348837209302326,4.965116279069767,,DSH,,,0.0,,,,1.0,,,,,,,,,,,,,,
3_02365,5,folate_high|pli_abn|breed_group,0.0|1.0|other,2,2,0,0.0,0.5813953488372093,1.4186046511627908,,other,,n_lt_3,0.0,,,,1.0,,,,,,,,,,,,,,
3_02365,5,folate_high|pli_abn|breed_group,1.0|0.0|DLH,4,2,2,0.5,1.1627906976744187,2.8372093023255816,,DLH,,n_lt_5,1.0,,,,0.0,,,,,,,,,,,,,,
3_02365,5,folate_high|pli_abn|breed_group,1.0|0.0|DSH,11,0,11,1.0,3.197674418604651,7.8023255813953485,,DSH,,,1.0,,,,0.0,,,,,,,,,,,,,,
3_02365,5,folate_high|pli_abn|breed_group,1.0|0.0|other,8,3,5,0.625,2.3255813953488373,5.674418604651163,,other,,,1.0,,,,0.0,,,,,,,,,,,,,,
3_02365,5,folate_high|pli_abn|breed_group,1.0|1.0|DMH,1,1,0,0.0,0.29069767441860467,0.7093023255813954,,DMH,,n_lt_3,1.0,,,,1.0,,,,,,,,,,,,,,
3_02365,5,folate_high|pli_abn|breed_group,1.0|1.0|DSH,4,0,4,1.0,1.1627906976744187,2.8372093023255816,,DSH,,n_lt_5,1.0,,,,1.0,,,,,,,,,,,,,,
3_06855,6,breed_group|AUS_enlarged_pancreas|chem_no_abnormalities,DLH|0|0,3,2,1,0.3333333333333333,0.9444444444444444,2.0555555555555554,,DLH,0,n_lt_5,,,,,,0,,,,,,,,,,,,,
3_06855,6,breed_group|AUS_enlarged_pancreas|chem_no_abnormalities,DLH|0|1,4,1,3,0.75,1.2592592592592593,2.740740740740741,,DLH,0,n_lt_5,,,,,,1,,,,,,,,,,,,,
3_06855,6,breed_group|AUS_enlarged_pancreas|chem_no_abnormalities,DLH|1|0,1,0,1,1.0,0.3148148148148148,0.6851851851851852,,DLH,1,n_lt_3,,,,,,0,,,,,,,,,,,,,
3_06855,6,breed_group|AUS_enlarged_pancreas|chem_no_abnormalities,DLH|1|1,2,0,2,1.0,0.6296296296296297,1.3703703703703705,,DLH,1,n_lt_3,,,,,,1,,,,,,,,,,,,,
3_06855,6,breed_group|AUS_enlarged_pancreas|chem_no_abnormalities,DMH|0|0,2,1,1,0.5,0.6296296296296297,1.3703703703703705,,DMH,0,n_lt_3,,,,,,0,,,,,,,,,,,,,
3_06855,6,breed_group|AUS_enlarged_pancreas|chem_no_abnormalities,DMH|0|1,5,3,2,0.4,1.5740740740740742,3.425925925925926,,DMH,0,,,,,,,1,,,,,,,,,,,,,
3_06855,6,breed_group|AUS_enlarged_pancreas|chem_no_abnormalities,DMH|1|0,1,1,0,0.0,0.3148148148148148,0.6851851851851852,,DMH,1,n_lt_3,,,,,,0,,,,,,,,,,,,,
3_06855,6,breed_group|AUS_enlarged_pancreas|chem_no_abnormalities,DMH|1|1,1,0,1,1.0,0.3148148148148148,0.6851851851851852,,DMH,1,n_lt_3,,,,,,1,,,,,,,,,,,,,
3_06855,6,breed_group|AUS_enlarged_pancreas|chem_no_abnormalities,DSH|0|0,25,8,17,0.68,7.87037037037037,17.12962962962963,,DSH,0,,,,,,,0,,,,,,,,,,,,,
3_06855,6,breed_group|AUS_enlarged_pancreas|chem_no_abnormalities,DSH|0|1,31,11,20,0.6451612903225806,9.75925925925926,21.24074074074074,,DSH,0,,,,,,,1,,,,,,,,,,,,,
3_06855,6,breed_group|AUS_enlarged_pancreas|chem_no_abnormalities,DSH|1|0,5,0,5,1.0,1.5740740740740742,3.425925925925926,,DSH,1,,,,,,,0,,,,,,,,,,,,,
3_06855,6,breed_group|AUS_enlarged_pancreas|chem_no_abnormalities,DSH|1|1,10,1,9,0.9,3.1481481481481484,6.851851851851852,,DSH,1,,,,,,,1,,,,,,,,,,,,,
3_06855,6,breed_group|AUS_enlarged_pancreas|chem_no_abnormalities,other|0|0,3,3,0,0.0,0.9444444444444444,2.0555555555555554,,other,0,n_lt_5,,,,,,0,,,,,,,,,,,,,
3_06855,6,breed_group|AUS_enlarged_pancreas|chem_no_abnormalities,other|0|1,8,1,7,0.875,2.5185185185185186,5.481481481481482,,other,0,,,,,,,1,,,,,,,,,,,,,
3_06855,6,breed_group|AUS_enlarged_pancreas|chem_no_abnormalities,other|1|0,4,1,3,0.75,1.2592592592592593,2.740740740740741,,other,1,n_lt_5,,,,,,0,,,,,,,,,,,,,
3_06855,6,breed_group|AUS_enlarged_pancreas|chem_no_abnormalities,other|1|1,3,1,2,0.6666666666666666,0.9444444444444444,2.0555555555555554,,other,1,n_lt_5,,,,,,1,,,,,,,,,,,,,
3_06651,7,breed_group|AUS_duodenal_thickening|AUS_enlarged_pancreas,DLH|0|0,4,3,1,0.25,1.2592592592592593,2.740740740740741,,DLH,0,n_lt_5,,0,,,,,,,,,,,,,,,,,
3_06651,7,breed_group|AUS_duodenal_thickening|AUS_enlarged_pancreas,DLH|1|0,3,0,3,1.0,0.9444444444444444,2.0555555555555554,,DLH,0,n_lt_5,,1,,,,,,,,,,,,,,,,,
3_06651,7,breed_group|AUS_duodenal_thickening|AUS_enlarged_pancreas,DLH|1|1,3,0,3,1.0,0.9444444444444444,2.0555555555555554,,DLH,1,n_lt_5,,1,,,,,,,,,,,,,,,,,
3_06651,7,breed_group|AUS_duodenal_thickening|AUS_enlarged_pancreas,DMH|0|0,2,2,0,0.0,0.6296296296296297,1.3703703703703705,,DMH,0,n_lt_3,,0,,,,,,,,,,,,,,,,,
3_06651,7,breed_group|AUS_duodenal_thickening|AUS_enlarged_pancreas,DMH|1|0,5,2,3,0.6,1.5740740740740742,3.425925925925926,,DMH,0,,,1,,,,,,,,,,,,,,,,,
3_06651,7,breed_group|AUS_duodenal_thickening|AUS_enlarged_pancreas,DMH|1|1,2,1,1,0.5,0.6296296296296297,1.3703703703703705,,DMH,1,n_lt_3,,1,,,,,,,,,,,,,,,,,
3_06651,7,breed_group|AUS_duodenal_thickening|AUS_enlarged_pancreas,DSH|0|0,22,7,15,0.6818181818181818,6.925925925925926,15.074074074074074,,DSH,0,,,0,,,,,,,,,,,,,,,,,
3_06651,7,breed_group|AUS_duodenal_thickening|AUS_enlarged_pancreas,DSH|0|1,4,0,4,1.0,1.2592592592592593,2.740740740740741,,DSH,1,n_lt_5,,0,,,,,,,,,,,,,,,,,
3_06651,7,breed_group|AUS_duodenal_thickening|AUS_enlarged_pancreas,DSH|1|0,34,12,22,0.6470588235294118,10.703703703703704,23.296296296296298,,DSH,0,,,1,,,,,,,,,,,,,,,,,
3_06651,7,breed_group|AUS_duodenal_thickening|AUS_enlarged_pancreas,DSH|1|1,11,1,10,0.9090909090909091,3.462962962962963,7.537037037037037,,DSH,1,,,1,,,,,,,,,,,,,,,,,
3_06651,7,breed_group|AUS_duodenal_thickening|AUS_enlarged_pancreas,other|0|0,1,0,1,1.0,0.3148148148148148,0.6851851851851852,,other,0,n_lt_3,,0,,,,,,,,,,,,,,,,,
3_06651,7,breed_group|AUS_duodenal_thickening|AUS_enlarged_pancreas,other|0|1,1,1,0,0.0,0.3148148148148148,0.6851851851851852,,other,1,n_lt_3,,0,,,,,,,,,,,,,,,,,
3_06651,7,breed_group|AUS_duodenal_thickening|AUS_enlarged_pancreas,other|1|0,10,4,6,0.6,3.1481481481481484,6.851851851851852,,other,0,,,1,,,,,,,,,,,,,,,,,
3_06651,7,breed_group|AUS_duodenal_thickening|AUS_enlarged_pancreas,other|1|1,6,1,5,0.8333333333333334,1.8888888888888888,4.111111111111111,,other,1,,,1,,,,,,,,,,,,,,,,,
3_04450,8,tli_high|breed_group|clinical_signs_weight_loss,0.0|DLH|0,5,1,4,0.8,1.4942528735632183,3.5057471264367814,0.0,DLH,,,,,,,,,0,,,,,,,,,,,,
3_04450,8,tli_high|breed_group|clinical_signs_weight_loss,0.0|DLH|1,3,1,2,0.6666666666666666,0.896551724137931,2.103448275862069,0.0,DLH,,n_lt_5,,,,,,,1,,,,,,,,,,,,
3_04450,8,tli_high|breed_group|clinical_signs_weight_loss,0.0|DMH|0,2,2,0,0.0,0.5977011494252874,1.4022988505747127,0.0,DMH,,n_lt_3,,,,,,,0,,,,,,,,,,,,
3_04450,8,tli_high|breed_group|clinical_signs_weight_loss,0.0|DMH|1,2,1,1,0.5,0.5977011494252874,1.4022988505747127,0.0,DMH,,n_lt_3,,,,,,,1,,,,,,,,,,,,
3_04450,8,tli_high|breed_group|clinical_signs_weight_loss,0.0|DSH|0,16,4,12,0.75,4.781609195402299,11.218390804597702,0.0,DSH,,,,,,,,,0,,,,,,,,,,,,
3_04450,8,tli_high|breed_group|clinical_signs_weight_loss,0.0|DSH|1,20,8,12,0.6,5.977011494252873,14.022988505747126,0.0,DSH,,,,,,,,,1,,,,,,,,,,,,
3_04450,8,tli_high|breed_group|clinical_signs_weight_loss,0.0|other|0,5,3,2,0.4,1.4942528735632183,3.5057471264367814,0.0,other,,,,,,,,,0,,,,,,,,,,,,
3_04450,8,tli_high|breed_group|clinical_signs_weight_loss,0.0|other|1,7,2,5,0.7142857142857143,2.0919540229885056,4.908045977011494,0.0,other,,,,,,,,,1,,,,,,,,,,,,
3_04450,8,tli_high|breed_group|clinical_signs_weight_loss,1.0|DLH|1,1,0,1,1.0,0.2988505747126437,0.7011494252873564,1.0,DLH,,n_lt_3,,,,,,,1,,,,,,,,,,,,
3_04450,8,tli_high|breed_group|clinical_signs_weight_loss,1.0|DMH|0,2,0,2,1.0,0.5977011494252874,1.4022988505747127,1.0,DMH,,n_lt_3,,,,,,,0,,,,,,,,,,,,
3_04450,8,tli_high|breed_group|clinical_signs_weight_loss,1.0|DMH|1,1,1,0,0.0,0.2988505747126437,0.7011494252873564,1.0,DMH,,n_lt_3,,,,,,,1,,,,,,,,,,,,
3_04450,8,tli_high|breed_group|clinical_signs_weight_loss,1.0|DSH|0,8,2,6,0.75,2.3908045977011496,5.609195402298851,1.0,DSH,,,,,,,,,0,,,,,,,,,,,,
3_04450,8,tli_high|breed_group|clinical_signs_weight_loss,1.0|DSH|1,13,0,13,1.0,3.8850574712643677,9.114942528735632,1.0,DSH,,,,,,,,,1,,,,,,,,,,,,
3_04450,8,tli_high|breed_group|clinical_signs_weight_loss,1.0|other|1,2,1,1,0.5,0.5977011494252874,1.4022988505747127,1.0,other,,n_lt_3,,,,,,,1,,,,,,,,,,,,
3_06436,9,breed_group|clinical_signs_diarrhea|AUS_enlarged_pancreas,DLH|0|0,6,3,3,0.5,1.8888888888888888,4.111111111111111,,DLH,0,,,,,,,,,0,,,,,,,,,,,
3_06436,9,breed_group|clinical_signs_diarrhea|AUS_enlarged_pancreas,DLH|0|1,2,0,2,1.0,0.6296296296296297,1.3703703703703705,,DLH,1,n_lt_3,,,,,,,,0,,,,,,,,,,,
3_06436,9,breed_group|clinical_signs_diarrhea|AUS_enlarged_pancreas,DLH|1|0,1,0,1,1.0,0.3148148148148148,0.6851851851851852,,DLH,0,n_lt_3,,,,,,,,1,,,,,,,,,,,
3_06436,9,breed_group|clinical_signs_diarrhea|AUS_enlarged_pancreas,DLH|1|1,1,0,1,1.0,0.3148148148148148,0.6851851851851852,,DLH,1,n_lt_3,,,,,,,,1,,,,,,,,,,,
3_06436,9,breed_group|clinical_signs_diarrhea|AUS_enlarged_pancreas,DMH|0|0,4,2,2,0.5,1.2592592592592593,2.740740740740741,,DMH,0,n_lt_5,,,,,,,,0,,,,,,,,,,,
3_06436,9,breed_group|clinical_signs_diarrhea|AUS_enlarged_pancreas,DMH|0|1,1,1,0,0.0,0.3148148148148148,0.6851851851851852,,DMH,1,n_lt_3,,,,,,,,0,,,,,,,,,,,
3_06436,9,breed_group|clinical_signs_diarrhea|AUS_enlarged_pancreas,DMH|1|0,3,2,1,0.3333333333333333,0.9444444444444444,2.0555555555555554,,DMH,0,n_lt_5,,,,,,,,1,,,,,,,,,,,
3_06436,9,breed_group|clinical_signs_diarrhea|AUS_enlarged_pancreas,DMH|1|1,1,0,1,1.0,0.3148148148148148,0.6851851851851852,,DMH,1,n_lt_3,,,,,,,,1,,,,,,,,,,,
3_06436,9,breed_group|clinical_signs_diarrhea|AUS_enlarged_pancreas,DSH|0|0,38,11,27,0.7105263157894737,11.962962962962964,26.037037037037038,,DSH,0,,,,,,,,,0,,,,,,,,,,,
3_06436,9,breed_group|clinical_signs_diarrhea|AUS_enlarged_pancreas,DSH|0|1,13,1,12,0.9230769230769231,4.092592592592593,8.907407407407407,,DSH,1,,,,,,,,,0,,,,,,,,,,,
3_06436,9,breed_group|clinical_signs_diarrhea|AUS_enlarged_pancreas,DSH|1|0,18,8,10,0.5555555555555556,5.666666666666667,12.333333333333334,,DSH,0,,,,,,,,,1,,,,,,,,,,,
3_06436,9,breed_group|clinical_signs_diarrhea|AUS_enlarged_pancreas,DSH|1|1,2,0,2,1.0,0.6296296296296297,1.3703703703703705,,DSH,1,n_lt_3,,,,,,,,1,,,,,,,,,,,
3_06436,9,breed_group|clinical_signs_diarrhea|AUS_enlarged_pancreas,other|0|0,6,3,3,0.5,1.8888888888888888,4.111111111111111,,other,0,,,,,,,,,0,,,,,,,,,,,
3_06436,9,breed_group|clinical_signs_diarrhea|AUS_enlarged_pancreas,other|0|1,4,0,4,1.0,1.2592592592592593,2.740740740740741,,other,1,n_lt_5,,,,,,,,0,,,,,,,,,,,
3_06436,9,breed_group|clinical_signs_diarrhea|AUS_enlarged_pancreas,other|1|0,5,1,4,0.8,1.5740740740740742,3.425925925925926,,other,0,,,,,,,,,1,,,,,,,,,,,
3_06436,9,breed_group|clinical_signs_diarrhea|AUS_enlarged_pancreas,other|1|1,3,2,1,0.3333333333333333,0.9444444444444444,2.0555555555555554,,other,1,n_lt_5,,,,,,,,1,,,,,,,,,,,
3_06426,10,breed_group|clinical_signs_diarrhea|clinical_signs_weight_loss,DLH|0|0,6,2,4,0.6666666666666666,1.8888888888888888,4.111111111111111,,DLH,,,,,,,,,0,0,,,,,,,,,,,
3_06426,10,breed_group|clinical_signs_diarrhea|clinical_signs_weight_loss,DLH|0|1,2,1,1,0.5,0.6296296296296297,1.3703703703703705,,DLH,,n_lt_3,,,,,,,1,0,,,,,,,,,,,
3_06426,10,breed_group|clinical_signs_diarrhea|clinical_signs_weight_loss,DLH|1|1,2,0,2,1.0,0.6296296296296297,1.3703703703703705,,DLH,,n_lt_3,,,,,,,1,1,,,,,,,,,,,
3_06426,10,breed_group|clinical_signs_diarrhea|clinical_signs_weight_loss,DMH|0|0,2,0,2,1.0,0.6296296296296297,1.3703703703703705,,DMH,,n_lt_3,,,,,,,0,0,,,,,,,,,,,
3_06426,10,breed_group|clinical_signs_diarrhea|clinical_signs_weight_loss,DMH|0|1,3,3,0,0.0,0.9444444444444444,2.0555555555555554,,DMH,,n_lt_5,,,,,,,1,0,,,,,,,,,,,
3_06426,10,breed_group|clinical_signs_diarrhea|clinical_signs_weight_loss,DMH|1|0,2,2,0,0.0,0.6296296296296297,1.3703703703703705,,DMH,,n_lt_3,,,,,,,0,1,,,,,,,,,,,
3_06426,10,breed_group|clinical_signs_diarrhea|clinical_signs_weight_loss,DMH|1|1,2,0,2,1.0,0.6296296296296297,1.3703703703703705,,DMH,,n_lt_3,,,,,,,1,1,,,,,,,,,,,
3_06426,10,breed_group|clinical_signs_diarrhea|clinical_signs_weight_loss,DSH|0|0,22,6,16,0.7272727272727273,6.925925925925926,15.074074074074074,,DSH,,,,,,,,,0,0,,,,,,,,,,,
3_06426,10,breed_group|clinical_signs_diarrhea|clinical_signs_weight_loss,DSH|0|1,29,6,23,0.7931034482758621,9.12962962962963,19.87037037037037,,DSH,,,,,,,,,1,0,,,,,,,,,,,
3_06426,10,breed_group|clinical_signs_diarrhea|clinical_signs_weight_loss,DSH|1|0,10,5,5,0.5,3.1481481481481484,6.851851851851852,,DSH,,,,,,,,,0,1,,,,,,,,,,,
3_06426,10,breed_group|clinical_signs_diarrhea|clinical_signs_weight_loss,DSH|1|1,10,3,7,0.7,3.1481481481481484,6.851851851851852,,DSH,,,,,,,,,1,1,,,,,,,,,,,
3_06426,10,breed_group|clinical_signs_diarrhea|clinical_signs_weight_loss,other|0|0,5,1,4,0.8,1.5740740740740742,3.425925925925926,,other,,,,,,,,,0,0,,,,,,,,,,,
3_06426,10,breed_group|clinical_signs_diarrhea|clinical_signs_weight_loss,other|0|1,5,2,3,0.6,1.5740740740740742,3.425925925925926,,other,,,,,,,,,1,0,,,,,,,,,,,
3_06426,10,breed_group|clinical_signs_diarrhea|clinical_signs_weight_loss,other|1|0,3,2,1,0.3333333333333333,0.9444444444444444,2.0555555555555554,,other,,n_lt_5,,,,,,,0,1,,,,,,,,,,,
3_06426,10,breed_group|clinical_signs_diarrhea|clinical_signs_weight_loss,other|1|1,5,1,4,0.8,1.5740740740740742,3.425925925925926,,other,,,,,,,,,1,1,,,,,,,,,,,
3_04483,11,tli_high|breed_group|chem_azotemia,0.0|DLH|0,8,2,6,0.75,2.3908045977011496,5.609195402298851,0.0,DLH,,,,,,,,,,,0,,,,,,,,,,
3_04483,11,tli_high|breed_group|chem_azotemia,0.0|DMH|0,3,2,1,0.3333333333333333,0.896551724137931,2.103448275862069,0.0,DMH,,n_lt_5,,,,,,,,,0,,,,,,,,,,
3_04483,11,tli_high|breed_group|chem_azotemia,0.0|DMH|1,1,1,0,0.0,0.2988505747126437,0.7011494252873564,0.0,DMH,,n_lt_3,,,,,,,,,1,,,,,,,,,,
3_04483,11,tli_high|breed_group|chem_azotemia,0.0|DSH|0,32,12,20,0.625,9.563218390804598,22.436781609195403,0.0,DSH,,,,,,,,,,,0,,,,,,,,,,
3_04483,11,tli_high|breed_group|chem_azotemia,0.0|DSH|1,4,0,4,1.0,1.1954022988505748,2.8045977011494254,0.0,DSH,,n_lt_5,,,,,,,,,1,,,,,,,,,,
3_04483,11,tli_high|breed_group|chem_azotemia,0.0|other|0,12,5,7,0.5833333333333334,3.586206896551724,8.413793103448276,0.0,other,,,,,,,,,,,0,,,,,,,,,,
3_04483,11,tli_high|breed_group|chem_azotemia,1.0|DLH|1,1,0,1,1.0,0.2988505747126437,0.7011494252873564,1.0,DLH,,n_lt_3,,,,,,,,,1,,,,,,,,,,
3_04483,11,tli_high|breed_group|chem_azotemia,1.0|DMH|0,2,0,2,1.0,0.5977011494252874,1.4022988505747127,1.0,DMH,,n_lt_3,,,,,,,,,0,,,,,,,,,,
3_04483,11,tli_high|breed_group|chem_azotemia,1.0|DMH|1,1,1,0,0.0,0.2988505747126437,0.7011494252873564,1.0,DMH,,n_lt_3,,,,,,,,,1,,,,,,,,,,
3_04483,11,tli_high|breed_group|chem_azotemia,1.0|DSH|0,15,1,14,0.9333333333333333,4.482758620689655,10.517241379310345,1.0,DSH,,,,,,,,,,,0,,,,,,,,,,
3_04483,11,tli_high|breed_group|chem_azotemia,1.0|DSH|1,6,1,5,0.8333333333333334,1.793103448275862,4.206896551724138,1.0,DSH,,,,,,,,,,,1,,,,,,,,,,
3_04483,11,tli_high|breed_group|chem_azotemia,1.0|other|0,1,0,1,1.0,0.2988505747126437,0.7011494252873564,1.0,other,,n_lt_3,,,,,,,,,0,,,,,,,,,,
3_04483,11,tli_high|breed_group|chem_azotemia,1.0|other|1,1,1,0,0.0,0.2988505747126437,0.7011494252873564,1.0,other,,n_lt_3,,,,,,,,,1,,,,,,,,,,
3_06470,12,breed_group|clinical_signs_hyporexia|AUS_duodenal_thickening,DLH|0|0,4,3,1,0.25,1.2592592592592593,2.740740740740741,,DLH,,n_lt_5,,0,,,,,,,,0,,,,,,,,,
3_06470,12,breed_group|clinical_signs_hyporexia|AUS_duodenal_thickening,DLH|0|1,5,0,5,1.0,1.5740740740740742,3.425925925925926,,DLH,,,,1,,,,,,,,0,,,,,,,,,
3_06470,12,breed_group|clinical_signs_hyporexia|AUS_duodenal_thickening,DLH|1|1,1,0,1,1.0,0.3148148148148148,0.6851851851851852,,DLH,,n_lt_3,,1,,,,,,,,1,,,,,,,,,
3_06470,12,breed_group|clinical_signs_hyporexia|AUS_duodenal_thickening,DMH|0|0,1,1,0,0.0,0.3148148148148148,0.6851851851851852,,DMH,,n_lt_3,,0,,,,,,,,0,,,,,,,,,
3_06470,12,breed_group|clinical_signs_hyporexia|AUS_duodenal_thickening,DMH|0|1,5,2,3,0.6,1.5740740740740742,3.425925925925926,,DMH,,,,1,,,,,,,,0,,,,,,,,,
3_06470,12,breed_group|clinical_signs_hyporexia|AUS_duodenal_thickening,DMH|1|0,1,1,0,0.0,0.3148148148148148,0.6851851851851852,,DMH,,n_lt_3,,0,,,,,,,,1,,,,,,,,,
3_06470,12,breed_group|clinical_signs_hyporexia|AUS_duodenal_thickening,DMH|1|1,2,1,1,0.5,0.6296296296296297,1.3703703703703705,,DMH,,n_lt_3,,1,,,,,,,,1,,,,,,,,,
3_06470,12,breed_group|clinical_signs_hyporexia|AUS_duodenal_thickening,DSH|0|0,19,7,12,0.631578947368421,5.981481481481482,13.018518518518519,,DSH,,,,0,,,,,,,,0,,,,,,,,,
3_06470,12,breed_group|clinical_signs_hyporexia|AUS_duodenal_thickening,DSH|0|1,43,13,30,0.6976744186046512,13.537037037037036,29.462962962962962,,DSH,,,,1,,,,,,,,0,,,,,,,,,
3_06470,12,breed_group|clinical_signs_hyporexia|AUS_duodenal_thickening,DSH|1|0,7,0,7,1.0,2.2037037037037037,4.796296296296297,,DSH,,,,0,,,,,,,,1,,,,,,,,,
3_06470,12,breed_group|clinical_signs_hyporexia|AUS_duodenal_thickening,DSH|1|1,2,0,2,1.0,0.6296296296296297,1.3703703703703705,,DSH,,n_lt_3,,1,,,,,,,,1,,,,,,,,,
3_06470,12,breed_group|clinical_signs_hyporexia|AUS_duodenal_thickening,other|0|0,2,1,1,0.5,0.6296296296296297,1.3703703703703705,,other,,n_lt_3,,0,,,,,,,,0,,,,,,,,,
3_06470,12,breed_group|clinical_signs_hyporexia|AUS_duodenal_thickening,other|0|1,14,5,9,0.6428571428571429,4.407407407407407,9.592592592592593,,other,,,,1,,,,,,,,0,,,,,,,,,
3_06470,12,breed_group|clinical_signs_hyporexia|AUS_duodenal_thickening,other|1|1,2,0,2,1.0,0.6296296296296297,1.3703703703703705,,other,,n_lt_3,,1,,,,,,,,1,,,,,,,,,
3_06480,13,breed_group|clinical_signs_hyporexia|CBC_no_abnormalities,DLH|0|0,2,0,2,1.0,0.6296296296296297,1.3703703703703705,,DLH,,n_lt_3,,,,,,,,,,0,0,,,,,,,,
3_06480,13,breed_group|clinical_signs_hyporexia|CBC_no_abnormalities,DLH|0|1,7,3,4,0.5714285714285714,2.2037037037037037,4.796296296296297,,DLH,,,,,,,,,,,,0,1,,,,,,,,
3_06480,13,breed_group|clinical_signs_hyporexia|CBC_no_abnormalities,DLH|1|0,1,0,1,1.0,0.3148148148148148,0.6851851851851852,,DLH,,n_lt_3,,,,,,,,,,1,0,,,,,,,,
3_06480,13,breed_group|clinical_signs_hyporexia|CBC_no_abnormalities,DMH|0|0,2,2,0,0.0,0.6296296296296297,1.3703703703703705,,DMH,,n_lt_3,,,,,,,,,,0,0,,,,,,,,
3_06480,13,breed_group|clinical_signs_hyporexia|CBC_no_abnormalities,DMH|0|1,4,1,3,0.75,1.2592592592592593,2.740740740740741,,DMH,,n_lt_5,,,,,,,,,,0,1,,,,,,,,
3_06480,13,breed_group|clinical_signs_hyporexia|CBC_no_abnormalities,DMH|1|0,1,0,1,1.0,0.3148148148148148,0.6851851851851852,,DMH,,n_lt_3,,,,,,,,,,1,0,,,,,,,,
3_06480,13,breed_group|clinical_signs_hyporexia|CBC_no_abnormalities,DMH|1|1,2,2,0,0.0,0.6296296296296297,1.3703703703703705,,DMH,,n_lt_3,,,,,,,,,,1,1,,,,,,,,
3_06480,13,breed_group|clinical_signs_hyporexia|CBC_no_abnormalities,DSH|0|0,19,7,12,0.631578947368421,5.981481481481482,13.018518518518519,,DSH,,,,,,,,,,,,0,0,,,,,,,,
3_06480,13,breed_group|clinical_signs_hyporexia|CBC_no_abnormalities,DSH|0|1,43,13,30,0.6976744186046512,13.537037037037036,29.462962962962962,,DSH,,,,,,,,,,,,0,1,,,,,,,,
3_06480,13,breed_group|clinical_signs_hyporexia|CBC_no_abnormalities,DSH|1|0,2,0,2,1.0,0.6296296296296297,1.3703703703703705,,DSH,,n_lt_3,,,,,,,,,,1,0,,,,,,,,
3_06480,13,breed_group|clinical_signs_hyporexia|CBC_no_abnormalities,DSH|1|1,7,0,7,1.0,2.2037037037037037,4.796296296296297,,DSH,,,,,,,,,,,,1,1,,,,,,,,
3_06480,13,breed_group|clinical_signs_hyporexia|CBC_no_abnormalities,other|0|0,2,1,1,0.5,0.6296296296296297,1.3703703703703705,,other,,n_lt_3,,,,,,,,,,0,0,,,,,,,,
3_06480,13,breed_group|clinical_signs_hyporexia|CBC_no_abnormalities,other|0|1,14,5,9,0.6428571428571429,4.407407407407407,9.592592592592593,,other,,,,,,,,,,,,0,1,,,,,,,,
3_06480,13,breed_group|clinical_signs_hyporexia|CBC_no_abnormalities,other|1|1,2,0,2,1.0,0.6296296296296297,1.3703703703703705,,other,,n_lt_3,,,,,,,,,,1,1,,,,,,,,
3_06700,14,breed_group|AUS_jejunal_thickening|chem_no_abnormalities,DLH|0|0,2,2,0,0.0,0.6296296296296297,1.3703703703703705,,DLH,,n_lt_3,,,,,,0,,,,,,0,,,,,,,
3_06700,14,breed_group|AUS_jejunal_thickening|chem_no_abnormalities,DLH|0|1,3,0,3,1.0,0.9444444444444444,2.0555555555555554,,DLH,,n_lt_5,,,,,,1,,,,,,0,,,,,,,
3_06700,14,breed_group|AUS_jejunal_thickening|chem_no_abnormalities,DLH|1|0,2,0,2,1.0,0.6296296296296297,1.3703703703703705,,DLH,,n_lt_3,,,,,,0,,,,,,1,,,,,,,
3_06700,14,breed_group|AUS_jejunal_thickening|chem_no_abnormalities,DLH|1|1,3,1,2,0.6666666666666666,0.9444444444444444,2.0555555555555554,,DLH,,n_lt_5,,,,,,1,,,,,,1,,,,,,,
3_06700,14,breed_group|AUS_jejunal_thickening|chem_no_abnormalities,DMH|0|1,2,2,0,0.0,0.6296296296296297,1.3703703703703705,,DMH,,n_lt_3,,,,,,1,,,,,,0,,,,,,,
3_06700,14,breed_group|AUS_jejunal_thickening|chem_no_abnormalities,DMH|1|0,3,2,1,0.3333333333333333,0.9444444444444444,2.0555555555555554,,DMH,,n_lt_5,,,,,,0,,,,,,1,,,,,,,
3_06700,14,breed_group|AUS_jejunal_thickening|chem_no_abnormalities,DMH|1|1,4,1,3,0.75,1.2592592592592593,2.740740740740741,,DMH,,n_lt_5,,,,,,1,,,,,,1,,,,,,,
3_06700,14,breed_group|AUS_jejunal_thickening|chem_no_abnormalities,DSH|0|0,8,1,7,0.875,2.5185185185185186,5.481481481481482,,DSH,,,,,,,,0,,,,,,0,,,,,,,
3_06700,14,breed_group|AUS_jejunal_thickening|chem_no_abnormalities,DSH|0|1,15,5,10,0.6666666666666666,4.722222222222222,10.277777777777779,,DSH,,,,,,,,1,,,,,,0,,,,,,,
3_06700,14,breed_group|AUS_jejunal_thickening|chem_no_abnormalities,DSH|1|0,22,7,15,0.6818181818181818,6.925925925925926,15.074074074074074,,DSH,,,,,,,,0,,,,,,1,,,,,,,
3_06700,14,breed_group|AUS_jejunal_thickening|chem_no_abnormalities,DSH|1|1,26,7,19,0.7307692307692307,8.185185185185185,17.814814814814813,,DSH,,,,,,,,1,,,,,,1,,,,,,,
3_06700,14,breed_group|AUS_jejunal_thickening|chem_no_abnormalities,other|0|0,1,0,1,1.0,0.3148148148148148,0.6851851851851852,,other,,n_lt_3,,,,,,0,,,,,,0,,,,,,,
3_06700,14,breed_group|AUS_jejunal_thickening|chem_no_abnormalities,other|0|1,5,1,4,0.8,1.5740740740740742,3.425925925925926,,other,,,,,,,,1,,,,,,0,,,,,,,
3_06700,14,breed_group|AUS_jejunal_thickening|chem_no_abnormalities,other|1|0,6,4,2,0.3333333333333333,1.8888888888888888,4.111111111111111,,other,,,,,,,,0,,,,,,1,,,,,,,
3_06700,14,breed_group|AUS_jejunal_thickening|chem_no_abnormalities,other|1|1,6,1,5,0.8333333333333334,1.8888888888888888,4.111111111111111,,other,,,,,,,,1,,,,,,1,,,,,,,
3_06530,15,breed_group|clinical_signs_weight_loss|chem_no_abnormalities,DLH|0|0,3,2,1,0.3333333333333333,0.9444444444444444,2.0555555555555554,,DLH,,n_lt_5,,,,,,0,0,,,,,,,,,,,,
3_06530,15,breed_group|clinical_signs_weight_loss|chem_no_abnormalities,DLH|0|1,3,0,3,1.0,0.9444444444444444,2.0555555555555554,,DLH,,n_lt_5,,,,,,1,0,,,,,,,,,,,,
3_06530,15,breed_group|clinical_signs_weight_loss|chem_no_abnormalities,DLH|1|0,1,0,1,1.0,0.3148148148148148,0.6851851851851852,,DLH,,n_lt_3,,,,,,0,1,,,,,,,,,,,,
3_06530,15,breed_group|clinical_signs_weight_loss|chem_no_abnormalities,DLH|1|1,3,1,2,0.6666666666666666,0.9444444444444444,2.0555555555555554,,DLH,,n_lt_5,,,,,,1,1,,,,,,,,,,,,
3_06530,15,breed_group|clinical_signs_weight_loss|chem_no_abnormalities,DMH|0|0,1,0,1,1.0,0.3148148148148148,0.6851851851851852,,DMH,,n_lt_3,,,,,,0,0,,,,,,,,,,,,
3_06530,15,breed_group|clinical_signs_weight_loss|chem_no_abnormalities,DMH|0|1,3,2,1,0.3333333333333333,0.9444444444444444,2.0555555555555554,,DMH,,n_lt_5,,,,,,1,0,,,,,,,,,,,,
3_06530,15,breed_group|clinical_signs_weight_loss|chem_no_abnormalities,DMH|1|0,2,2,0,0.0,0.6296296296296297,1.3703703703703705,,DMH,,n_lt_3,,,,,,0,1,,,,,,,,,,,,
3_06530,15,breed_group|clinical_signs_weight_loss|chem_no_abnormalities,DMH|1|1,3,1,2,0.6666666666666666,0.9444444444444444,2.0555555555555554,,DMH,,n_lt_5,,,,,,1,1,,,,,,,,,,,,
3_06530,15,breed_group|clinical_signs_weight_loss|chem_no_abnormalities,DSH|0|0,12,6,6,0.5,3.7777777777777777,8.222222222222221,,DSH,,,,,,,,0,0,,,,,,,,,,,,
3_06530,15,breed_group|clinical_signs_weight_loss|chem_no_abnormalities,DSH|0|1,20,5,15,0.75,6.296296296296297,13.703703703703704,,DSH,,,,,,,,1,0,,,,,,,,,,,,
3_06530,15,breed_group|clinical_signs_weight_loss|chem_no_abnormalities,DSH|1|0,18,2,16,0.8888888888888888,5.666666666666667,12.333333333333334,,DSH,,,,,,,,0,1,,,,,,,,,,,,
3_06530,15,breed_group|clinical_signs_weight_loss|chem_no_abnormalities,DSH|1|1,21,7,14,0.6666666666666666,6.611111111111111,14.38888888888889,,DSH,,,,,,,,1,1,,,,,,,,,,,,
3_06530,15,breed_group|clinical_signs_weight_loss|chem_no_abnormalities,other|0|0,4,2,2,0.5,1.2592592592592593,2.740740740740741,,other,,n_lt_5,,,,,,0,0,,,,,,,,,,,,
3_06530,15,breed_group|clinical_signs_weight_loss|chem_no_abnormalities,other|0|1,4,1,3,0.75,1.2592592592592593,2.740740740740741,,other,,n_lt_5,,,,,,1,0,,,,,,,,,,,,
3_06530,15,breed_group|clinical_signs_weight_loss|chem_no_abnormalities,other|1|0,3,2,1,0.3333333333333333,0.9444444444444444,2.0555555555555554,,other,,n_lt_5,,,,,,0,1,,,,,,,,,,,,
3_06530,15,breed_group|clinical_signs_weight_loss|chem_no_abnormalities,other|1|1,7,1,6,0.8571428571428571,2.2037037037037037,4.796296296296297,,other,,,,,,,,1,1,,,,,,,,,,,,
3_02424,16,folate_high|breed_group|AUS_enlarged_pancreas,0.0|DLH|0,2,0,2,1.0,0.6222222222222222,1.3777777777777778,,DLH,0,n_lt_3,0.0,,,,,,,,,,,,,,,,,,
3_02424,16,folate_high|breed_group|AUS_enlarged_pancreas,0.0|DLH|1,3,0,3,1.0,0.9333333333333333,2.066666666666667,,DLH,1,n_lt_5,0.0,,,,,,,,,,,,,,,,,,
3_02424,16,folate_high|breed_group|AUS_enlarged_pancreas,0.0|DMH|0,5,3,2,0.4,1.5555555555555556,3.4444444444444446,,DMH,0,,0.0,,,,,,,,,,,,,,,,,,
3_02424,16,folate_high|breed_group|AUS_enlarged_pancreas,0.0|DMH|1,1,0,1,1.0,0.3111111111111111,0.6888888888888889,,DMH,1,n_lt_3,0.0,,,,,,,,,,,,,,,,,,
3_02424,16,folate_high|breed_group|AUS_enlarged_pancreas,0.0|DSH|0,33,13,20,0.6060606060606061,10.266666666666667,22.733333333333334,,DSH,0,,0.0,,,,,,,,,,,,,,,,,,
3_02424,16,folate_high|breed_group|AUS_enlarged_pancreas,0.0|DSH|1,9,1,8,0.8888888888888888,2.8,6.2,,DSH,1,,0.0,,,,,,,,,,,,,,,,,,
3_02424,16,folate_high|breed_group|AUS_enlarged_pancreas,0.0|other|0,5,3,2,0.4,1.5555555555555556,3.4444444444444446,,other,0,,0.0,,,,,,,,,,,,,,,,,,
3_02424,16,folate_high|breed_group|AUS_enlarged_pancreas,0.0|other|1,1,0,1,1.0,0.3111111111111111,0.6888888888888889,,other,1,n_lt_3,0.0,,,,,,,,,,,,,,,,,,
3_02424,16,folate_high|breed_group|AUS_enlarged_pancreas,1.0|DLH|0,4,2,2,0.5,1.2444444444444445,2.7555555555555555,,DLH,0,n_lt_5,1.0,,,,,,,,,,,,,,,,,,
3_02424,16,folate_high|breed_group|AUS_enlarged_pancreas,1.0|DMH|1,1,1,0,0.0,0.3111111111111111,0.6888888888888889,,DMH,1,n_lt_3,1.0,,,,,,,,,,,,,,,,,,
3_02424,16,folate_high|breed_group|AUS_enlarged_pancreas,1.0|DSH|0,11,2,9,0.8181818181818182,3.422222222222222,7.5777777777777775,,DSH,0,,1.0,,,,,,,,,,,,,,,,,,
3_02424,16,folate_high|breed_group|AUS_enlarged_pancreas,1.0|DSH|1,6,0,6,1.0,1.8666666666666667,4.133333333333334,,DSH,1,,1.0,,,,,,,,,,,,,,,,,,
3_02424,16,folate_high|breed_group|AUS_enlarged_pancreas,1.0|other|0,5,1,4,0.8,1.5555555555555556,3.4444444444444446,,other,0,,1.0,,,,,,,,,,,,,,,,,,
3_02424,16,folate_high|breed_group|AUS_enlarged_pancreas,1.0|other|1,4,2,2,0.5,1.2444444444444445,2.7555555555555555,,other,1,n_lt_5,1.0,,,,,,,,,,,,,,,,,,
3_05410,17,pli_abn|breed_group|AUS_enlarged_pancreas,0.0|DLH|0,6,2,4,0.6666666666666666,1.744186046511628,4.255813953488372,,DLH,0,,,,,,0.0,,,,,,,,,,,,,,
3_05410,17,pli_abn|breed_group|AUS_enlarged_pancreas,0.0|DLH|1,3,0,3,1.0,0.872093023255814,2.127906976744186,,DLH,1,n_lt_5,,,,,0.0,,,,,,,,,,,,,,
3_05410,17,pli_abn|breed_group|AUS_enlarged_pancreas,0.0|DMH|0,4,3,1,0.25,1.1627906976744187,2.8372093023255816,,DMH,0,n_lt_5,,,,,0.0,,,,,,,,,,,,,,
3_05410,17,pli_abn|breed_group|AUS_enlarged_pancreas,0.0|DMH|1,1,0,1,1.0,0.29069767441860467,0.7093023255813954,,DMH,1,n_lt_3,,,,,0.0,,,,,,,,,,,,,,
3_05410,17,pli_abn|breed_group|AUS_enlarged_pancreas,0.0|DSH|0,36,10,26,0.7222222222222222,10.465116279069768,25.53488372093023,,DSH,0,,,,,,0.0,,,,,,,,,,,,,,
3_05410,17,pli_abn|breed_group|AUS_enlarged_pancreas,0.0|DSH|1,9,1,8,0.8888888888888888,2.616279069767442,6.383720930232558,,DSH,1,,,,,,0.0,,,,,,,,,,,,,,
3_05410,17,pli_abn|breed_group|AUS_enlarged_pancreas,0.0|other|0,7,2,5,0.7142857142857143,2.0348837209302326,4.965116279069767,,other,0,,,,,,0.0,,,,,,,,,,,,,,
3_05410,17,pli_abn|breed_group|AUS_enlarged_pancreas,0.0|other|1,5,2,3,0.6,1.4534883720930232,3.546511627906977,,other,1,,,,,,0.0,,,,,,,,,,,,,,
3_05410,17,pli_abn|breed_group|AUS_enlarged_pancreas,1.0|DMH|0,1,0,1,1.0,0.29069767441860467,0.7093023255813954,,DMH,0,n_lt_3,,,,,1.0,,,,,,,,,,,,,,
3_05410,17,pli_abn|breed_group|AUS_enlarged_pancreas,1.0|DMH|1,1,1,0,0.0,0.29069767441860467,0.7093023255813954,,DMH,1,n_lt_3,,,,,1.0,,,,,,,,,,,,,,
3_05410,17,pli_abn|breed_group|AUS_enlarged_pancreas,1.0|DSH|0,5,2,3,0.6,1.4534883720930232,3.546511627906977,,DSH,0,,,,,,1.0,,,,,,,,,,,,,,
3_05410,17,pli_abn|breed_group|AUS_enlarged_pancreas,1.0|DSH|1,6,0,6,1.0,1.744186046511628,4.255813953488372,,DSH,1,,,,,,1.0,,,,,,,,,,,,,,
3_05410,17,pli_abn|breed_group|AUS_enlarged_pancreas,1.0|other|0,2,2,0,0.0,0.5813953488372093,1.4186046511627908,,other,0,n_lt_3,,,,,1.0,,,,,,,,,,,,,,
3_01398,18,cobalamin_low|breed_group|chem_no_abnormalities,0.0|DLH|0,2,1,1,0.5,0.6222222222222222,1.3777777777777778,,DLH,,n_lt_3,,,,0.0,,0,,,,,,,,,,,,,
3_01398,18,cobalamin_low|breed_group|chem_no_abnormalities,0.0|DLH|1,2,0,2,1.0,0.6222222222222222,1.3777777777777778,,DLH,,n_lt_3,,,,0.0,,1,,,,,,,,,,,,,
3_01398,18,cobalamin_low|breed_group|chem_no_abnormalities,0.0|DMH|1,1,1,0,0.0,0.3111111111111111,0.6888888888888889,,DMH,,n_lt_3,,,,0.0,,1,,,,,,,,,,,,,
3_01398,18,cobalamin_low|breed_group|chem_no_abnormalities,0.0|DSH|0,17,5,12,0.7058823529411765,5.288888888888889,11.71111111111111,,DSH,,,,,,0.0,,0,,,,,,,,,,,,,
3_01398,18,cobalamin_low|breed_group|chem_no_abnormalities,0.0|DSH|1,23,9,14,0.6086956521739131,7.155555555555556,15.844444444444445,,DSH,,,,,,0.0,,1,,,,,,,,,,,,,
3_01398,18,cobalamin_low|breed_group|chem_no_abnormalities,0.0|other|0,2,2,0,0.0,0.6222222222222222,1.3777777777777778,,other,,n_lt_3,,,,0.0,,0,,,,,,,,,,,,,
3_01398,18,cobalamin_low|breed_group|chem_no_abnormalities,0.0|other|1,9,2,7,0.7777777777777778,2.8,6.2,,other,,,,,,0.0,,1,,,,,,,,,,,,,
3_01398,18,cobalamin_low|breed_group|chem_no_abnormalities,1.0|DLH|0,1,0,1,1.0,0.3111111111111111,0.6888888888888889,,DLH,,n_lt_3,,,,1.0,,0,,,,,,,,,,,,,
3_01398,18,cobalamin_low|breed_group|chem_no_abnormalities,1.0|DLH|1,4,1,3,0.75,1.2444444444444445,2.7555555555555555,,DLH,,n_lt_5,,,,1.0,,1,,,,,,,,,,,,,
3_01398,18,cobalamin_low|breed_group|chem_no_abnormalities,1.0|DMH|0,3,2,1,0.3333333333333333,0.9333333333333333,2.066666666666667,,DMH,,n_lt_5,,,,1.0,,0,,,,,,,,,,,,,
3_01398,18,cobalamin_low|breed_group|chem_no_abnormalities,1.0|DMH|1,3,1,2,0.6666666666666666,0.9333333333333333,2.066666666666667,,DMH,,n_lt_5,,,,1.0,,1,,,,,,,,,,,,,
3_01398,18,cobalamin_low|breed_group|chem_no_abnormalities,1.0|DSH|0,6,0,6,1.0,1.8666666666666667,4.133333333333334,,DSH,,,,,,1.0,,0,,,,,,,,,,,,,
3_01398,18,cobalamin_low|breed_group|chem_no_abnormalities,1.0|DSH|1,13,2,11,0.8461538461538461,4.044444444444444,8.955555555555556,,DSH,,,,,,1.0,,1,,,,,,,,,,,,,
3_01398,18,cobalamin_low|breed_group|chem_no_abnormalities,1.0|other|0,3,2,1,0.3333333333333333,0.9333333333333333,2.066666666666667,,other,,n_lt_5,,,,1.0,,0,,,,,,,,,,,,,
3_01398,18,cobalamin_low|breed_group|chem_no_abnormalities,1.0|other|1,1,0,1,1.0,0.3111111111111111,0.6888888888888889,,other,,n_lt_3,,,,1.0,,1,,,,,,,,,,,,,
3_06781,19,breed_group|AUS_mesenteric_lymphadenopathy|AUS_enlarged_pancreas,DLH|0|0,4,3,1,0.25,1.2592592592592593,2.740740740740741,,DLH,0,n_lt_5,,,,,,,,,,,,,0,,,,,,
3_06781,19,breed_group|AUS_mesenteric_lymphadenopathy|AUS_enlarged_pancreas,DLH|0|1,3,0,3,1.0,0.9444444444444444,2.0555555555555554,,DLH,1,n_lt_5,,,,,,,,,,,,,0,,,,,,
3_06781,19,breed_group|AUS_mesenteric_lymphadenopathy|AUS_enlarged_pancreas,DLH|1|0,3,0,3,1.0,0.9444444444444444,2.0555555555555554,,DLH,0,n_lt_5,,,,,,,,,,,,,1,,,,,,
3_06781,19,breed_group|AUS_mesenteric_lymphadenopathy|AUS_enlarged_pancreas,DMH|0|0,4,2,2,0.5,1.2592592592592593,2.740740740740741,,DMH,0,n_lt_5,,,,,,,,,,,,,0,,,,,,
3_06781,19,breed_group|AUS_mesenteric_lymphadenopathy|AUS_enlarged_pancreas,DMH|0|1,1,1,0,0.0,0.3148148148148148,0.6851851851851852,,DMH,1,n_lt_3,,,,,,,,,,,,,0,,,,,,
3_06781,19,breed_group|AUS_mesenteric_lymphadenopathy|AUS_enlarged_pancreas,DMH|1|0,3,2,1,0.3333333333333333,0.9444444444444444,2.0555555555555554,,DMH,0,n_lt_5,,,,,,,,,,,,,1,,,,,,
3_06781,19,breed_group|AUS_mesenteric_lymphadenopathy|AUS_enlarged_pancreas,DMH|1|1,1,0,1,1.0,0.3148148148148148,0.6851851851851852,,DMH,1,n_lt_3,,,,,,,,,,,,,1,,,,,,
3_06781,19,breed_group|AUS_mesenteric_lymphadenopathy|AUS_enlarged_pancreas,DSH|0|0,27,10,17,0.6296296296296297,8.5,18.5,,DSH,0,,,,,,,,,,,,,,0,,,,,,
3_06781,19,breed_group|AUS_mesenteric_lymphadenopathy|AUS_enlarged_pancreas,DSH|0|1,7,1,6,0.8571428571428571,2.2037037037037037,4.796296296296297,,DSH,1,,,,,,,,,,,,,,0,,,,,,
3_06781,19,breed_group|AUS_mesenteric_lymphadenopathy|AUS_enlarged_pancreas,DSH|1|0,29,9,20,0.6896551724137931,9.12962962962963,19.87037037037037,,DSH,0,,,,,,,,,,,,,,1,,,,,,
3_06781,19,breed_group|AUS_mesenteric_lymphadenopathy|AUS_enlarged_pancreas,DSH|1|1,8,0,8,1.0,2.5185185185185186,5.481481481481482,,DSH,1,,,,,,,,,,,,,,1,,,,,,
3_06781,19,breed_group|AUS_mesenteric_lymphadenopathy|AUS_enlarged_pancreas,other|0|0,6,2,4,0.6666666666666666,1.8888888888888888,4.111111111111111,,other,0,,,,,,,,,,,,,,0,,,,,,
3_06781,19,breed_group|AUS_mesenteric_lymphadenopathy|AUS_enlarged_pancreas,other|0|1,4,1,3,0.75,1.2592592592592593,2.740740740740741,,other,1,n_lt_5,,,,,,,,,,,,,0,,,,,,
3_06781,19,breed_group|AUS_mesenteric_lymphadenopathy|AUS_enlarged_pancreas,other|1|0,5,2,3,0.6,1.5740740740740742,3.425925925925926,,other,0,,,,,,,,,,,,,,1,,,,,,
3_06781,19,breed_group|AUS_mesenteric_lymphadenopathy|AUS_enlarged_pancreas,other|1|1,3,1,2,0.6666666666666666,0.9444444444444444,2.0555555555555554,,other,1,n_lt_5,,,,,,,,,,,,,1,,,,,,
3_04475,20,tli_high|breed_group|chem_no_abnormalities,0.0|DLH|0,2,1,1,0.5,0.5977011494252874,1.4022988505747127,0.0,DLH,,n_lt_3,,,,,,0,,,,,,,,,,,,,
3_04475,20,tli_high|breed_group|chem_no_abnormalities,0.0|DLH|1,6,1,5,0.8333333333333334,1.793103448275862,4.206896551724138,0.0,DLH,,,,,,,,1,,,,,,,,,,,,,
3_04475,20,tli_high|breed_group|chem_no_abnormalities,0.0|DMH|0,1,1,0,0.0,0.2988505747126437,0.7011494252873564,0.0,DMH,,n_lt_3,,,,,,0,,,,,,,,,,,,,
3_04475,20,tli_high|breed_group|chem_no_abnormalities,0.0|DMH|1,3,2,1,0.3333333333333333,0.896551724137931,2.103448275862069,0.0,DMH,,n_lt_5,,,,,,1,,,,,,,,,,,,,
3_04475,20,tli_high|breed_group|chem_no_abnormalities,0.0|DSH|0,12,3,9,0.75,3.586206896551724,8.413793103448276,0.0,DSH,,,,,,,,0,,,,,,,,,,,,,
3_04475,20,tli_high|breed_group|chem_no_abnormalities,0.0|DSH|1,24,9,15,0.625,7.172413793103448,16.82758620689655,0.0,DSH,,,,,,,,1,,,,,,,,,,,,,
3_04475,20,tli_high|breed_group|chem_no_abnormalities,0.0|other|0,3,3,0,0.0,0.896551724137931,2.103448275862069,0.0,other,,n_lt_5,,,,,,0,,,,,,,,,,,,,
3_04475,20,tli_high|breed_group|chem_no_abnormalities,0.0|other|1,9,2,7,0.7777777777777778,2.689655172413793,6.310344827586207,0.0,other,,,,,,,,1,,,,,,,,,,,,,
3_04475,20,tli_high|breed_group|chem_no_abnormalities,1.0|DLH|0,1,0,1,1.0,0.2988505747126437,0.7011494252873564,1.0,DLH,,n_lt_3,,,,,,0,,,,,,,,,,,,,
3_04475,20,tli_high|breed_group|chem_no_abnormalities,1.0|DMH|0,2,1,1,0.5,0.5977011494252874,1.4022988505747127,1.0,DMH,,n_lt_3,,,,,,0,,,,,,,,,,,,,
3_04475,20,tli_high|breed_group|chem_no_abnormalities,1.0|DMH|1,1,0,1,1.0,0.2988505747126437,0.7011494252873564,1.0,DMH,,n_lt_3,,,,,,1,,,,,,,,,,,,,
3_04475,20,tli_high|breed_group|chem_no_abnormalities,1.0|DSH|0,10,1,9,0.9,2.9885057471264367,7.011494252873563,1.0,DSH,,,,,,,,0,,,,,,,,,,,,,
3_04475,20,tli_high|breed_group|chem_no_abnormalities,1.0|DSH|1,11,1,10,0.9090909090909091,3.2873563218390807,7.712643678160919,1.0,DSH,,,,,,,,1,,,,,,,,,,,,,
3_04475,20,tli_high|breed_group|chem_no_abnormalities,1.0|other|0,2,1,1,0.5,0.5977011494252874,1.4022988505747127,1.0,other,,n_lt_3,,,,,,0,,,,,,,,,,,,,
3_06389,21,breed_group|clinical_signs_vomiting|AUS_duodenal_thickening,DLH|0|1,1,0,1,1.0,0.3148148148148148,0.6851851851851852,,DLH,,n_lt_3,,1,,,,,,,,,,,,0,,,,,
3_06389,21,breed_group|clinical_signs_vomiting|AUS_duodenal_thickening,DLH|1|0,4,3,1,0.25,1.2592592592592593,2.740740740740741,,DLH,,n_lt_5,,0,,,,,,,,,,,,1,,,,,
3_06389,21,breed_group|clinical_signs_vomiting|AUS_duodenal_thickening,DLH|1|1,5,0,5,1.0,1.5740740740740742,3.425925925925926,,DLH,,,,1,,,,,,,,,,,,1,,,,,
3_06389,21,breed_group|clinical_signs_vomiting|AUS_duodenal_thickening,DMH|0|0,1,1,0,0.0,0.3148148148148148,0.6851851851851852,,DMH,,n_lt_3,,0,,,,,,,,,,,,0,,,,,
3_06389,21,breed_group|clinical_signs_vomiting|AUS_duodenal_thickening,DMH|0|1,2,1,1,0.5,0.6296296296296297,1.3703703703703705,,DMH,,n_lt_3,,1,,,,,,,,,,,,0,,,,,
3_06389,21,breed_group|clinical_signs_vomiting|AUS_duodenal_thickening,DMH|1|0,1,1,0,0.0,0.3148148148148148,0.6851851851851852,,DMH,,n_lt_3,,0,,,,,,,,,,,,1,,,,,
3_06389,21,breed_group|clinical_signs_vomiting|AUS_duodenal_thickening,DMH|1|1,5,2,3,0.6,1.5740740740740742,3.425925925925926,,DMH,,,,1,,,,,,,,,,,,1,,,,,
3_06389,21,breed_group|clinical_signs_vomiting|AUS_duodenal_thickening,DSH|0|0,13,3,10,0.7692307692307693,4.092592592592593,8.907407407407407,,DSH,,,,0,,,,,,,,,,,,0,,,,,
3_06389,21,breed_group|clinical_signs_vomiting|AUS_duodenal_thickening,DSH|0|1,18,3,15,0.8333333333333334,5.666666666666667,12.333333333333334,,DSH,,,,1,,,,,,,,,,,,0,,,,,
3_06389,21,breed_group|clinical_signs_vomiting|AUS_duodenal_thickening,DSH|1|0,13,4,9,0.6923076923076923,4.092592592592593,8.907407407407407,,DSH,,,,0,,,,,,,,,,,,1,,,,,
3_06389,21,breed_group|clinical_signs_vomiting|AUS_duodenal_thickening,DSH|1|1,27,10,17,0.6296296296296297,8.5,18.5,,DSH,,,,1,,,,,,,,,,,,1,,,,,
3_06389,21,breed_group|clinical_signs_vomiting|AUS_duodenal_thickening,other|0|0,1,0,1,1.0,0.3148148148148148,0.6851851851851852,,other,,n_lt_3,,0,,,,,,,,,,,,0,,,,,
3_06389,21,breed_group|clinical_signs_vomiting|AUS_duodenal_thickening,other|0|1,6,3,3,0.5,1.8888888888888888,4.111111111111111,,other,,,,1,,,,,,,,,,,,0,,,,,
3_06389,21,breed_group|clinical_signs_vomiting|AUS_duodenal_thickening,other|1|0,1,1,0,0.0,0.3148148148148148,0.6851851851851852,,other,,n_lt_3,,0,,,,,,,,,,,,1,,,,,
3_06389,21,breed_group|clinical_signs_vomiting|AUS_duodenal_thickening,other|1|1,10,2,8,0.8,3.1481481481481484,6.851851851851852,,other,,,,1,,,,,,,,,,,,1,,,,,
3_00237,22,age|breed_group|clinical_signs_hyporexia,DLH|0,9,3,6,0.6666666666666666,2.8333333333333335,6.166666666666667,,DLH,,,,,,,,,,,,0,,,,,9.100000000000001,10.66,3.24,13.84,
3_00237,22,age|breed_group|clinical_signs_hyporexia,DLH|1,1,0,1,1.0,0.3148148148148148,0.6851851851851852,,DLH,,n_lt_3,,,,,,,,,,1,,,,,10.6,10.6,10.6,10.6,
3_00237,22,age|breed_group|clinical_signs_hyporexia,DMH|0,6,3,3,0.5,1.8888888888888888,4.111111111111111,,DMH,,,,,,,,,,,,0,,,,,11.858333333333334,11.835,6.24,18.88,
3_00237,22,age|breed_group|clinical_signs_hyporexia,DMH|1,3,2,1,0.3333333333333333,0.9444444444444444,2.0555555555555554,,DMH,,n_lt_5,,,,,,,,,,1,,,,,11.586666666666668,9.32,8.53,16.91,
3_00237,22,age|breed_group|clinical_signs_hyporexia,DSH|0,62,20,42,0.6774193548387096,19.51851851851852,42.48148148148148,,DSH,,,,,,,,,,,,0,,,,,10.420322580645163,11.18,2.75,16.87,
3_00237,22,age|breed_group|clinical_signs_hyporexia,DSH|1,9,0,9,1.0,2.8333333333333335,6.166666666666667,,DSH,,,,,,,,,,,,1,,,,,10.603333333333333,11.07,3.43,15.44,
3_00237,22,age|breed_group|clinical_signs_hyporexia,other|0,16,6,10,0.625,5.037037037037037,10.962962962962964,,other,,,,,,,,,,,,0,,,,,9.353125,9.56,4.26,14.93,
3_00237,22,age|breed_group|clinical_signs_hyporexia,other|1,2,0,2,1.0,0.6296296296296297,1.3703703703703705,,other,,n_lt_3,,,,,,,,,,1,,,,,11.89,11.89,9.24,14.54,
3_06664,23,breed_group|AUS_duodenal_thickening|CBC_monocytosis,DLH|0|0,4,3,1,0.25,1.2592592592592593,2.740740740740741,,DLH,,n_lt_5,,0,,,,,,,,,,,,,,,,,0
3_06664,23,breed_group|AUS_duodenal_thickening|CBC_monocytosis,DLH|1|0,5,0,5,1.0,1.5740740740740742,3.425925925925926,,DLH,,,,1,,,,,,,,,,,,,,,,,0
3_06664,23,breed_group|AUS_duodenal_thickening|CBC_monocytosis,DLH|1|1,1,0,1,1.0,0.3148148148148148,0.6851851851851852,,DLH,,n_lt_3,,1,,,,,,,,,,,,,,,,,1
3_06664,23,breed_group|AUS_duodenal_thickening|CBC_monocytosis,DMH|0|0,2,2,0,0.0,0.6296296296296297,1.3703703703703705,,DMH,,n_lt_3,,0,,,,,,,,,,,,,,,,,0
3_06664,23,breed_group|AUS_duodenal_thickening|CBC_monocytosis,DMH|1|0,7,3,4,0.5714285714285714,2.2037037037037037,4.796296296296297,,DMH,,,,1,,,,,,,,,,,,,,,,,0
3_06664,23,breed_group|AUS_duodenal_thickening|CBC_monocytosis,DSH|0|0,21,5,16,0.7619047619047619,6.611111111111111,14.38888888888889,,DSH,,,,0,,,,,,,,,,,,,,,,,0
3_06664,23,breed_group|AUS_duodenal_thickening|CBC_monocytosis,DSH|0|1,5,2,3,0.6,1.5740740740740742,3.425925925925926,,DSH,,,,0,,,,,,,,,,,,,,,,,1
3_06664,23,breed_group|AUS_duodenal_thickening|CBC_monocytosis,DSH|1|0,40,13,27,0.675,12.592592592592593,27.40740740740741,,DSH,,,,1,,,,,,,,,,,,,,,,,0
3_06664,23,breed_group|AUS_duodenal_thickening|CBC_monocytosis,DSH|1|1,5,0,5,1.0,1.5740740740740742,3.425925925925926,,DSH,,,,1,,,,,,,,,,,,,,,,,1
3_06664,23,breed_group|AUS_duodenal_thickening|CBC_monocytosis,other|0|0,2,1,1,0.5,0.6296296296296297,1.3703703703703705,,other,,n_lt_3,,0,,,,,,,,,,,,,,,,,0
3_06664,23,breed_group|AUS_duodenal_thickening|CBC_monocytosis,other|1|0,15,4,11,0.7333333333333333,4.722222222222222,10.277777777777779,,other,,,,1,,,,,,,,,,,,,,,,,0
3_06664,23,breed_group|AUS_duodenal_thickening|CBC_monocytosis,other|1|1,1,1,0,0.0,0.3148148148148148,0.6851851851851852,,other,,n_lt_3,,1,,,,,,,,,,,,,,,,,1
3_06538,24,breed_group|clinical_signs_weight_loss|chem_azotemia,DLH|0|0,6,2,4,0.6666666666666666,1.8888888888888888,4.111111111111111,,DLH,,,,,,,,,0,,0,,,,,,,,,,
3_06538,24,breed_group|clinical_signs_weight_loss|chem_azotemia,DLH|1|0,3,1,2,0.6666666666666666,0.9444444444444444,2.0555555555555554,,DLH,,n_lt_5,,,,,,,1,,0,,,,,,,,,,
3_06538,24,breed_group|clinical_signs_weight_loss|chem_azotemia,DLH|1|1,1,0,1,1.0,0.3148148148148148,0.6851851851851852,,DLH,,n_lt_3,,,,,,,1,,1,,,,,,,,,,
3_06538,24,breed_group|clinical_signs_weight_loss|chem_azotemia,DMH|0|0,4,2,2,0.5,1.2592592592592593,2.740740740740741,,DMH,,n_lt_5,,,,,,,0,,0,,,,,,,,,,
3_06538,24,breed_group|clinical_signs_weight_loss|chem_azotemia,DMH|1|0,3,1,2,0.6666666666666666,0.9444444444444444,2.0555555555555554,,DMH,,n_lt_5,,,,,,,1,,0,,,,,,,,,,
3_06538,24,breed_group|clinical_signs_weight_loss|chem_azotemia,DMH|1|1,2,2,0,0.0,0.6296296296296297,1.3703703703703705,,DMH,,n_lt_3,,,,,,,1,,1,,,,,,,,,,
3_06538,24,breed_group|clinical_signs_weight_loss|chem_azotemia,DSH|0|0,28,8,20,0.7142857142857143,8.814814814814815,19.185185185185187,,DSH,,,,,,,,,0,,0,,,,,,,,,,
3_06538,24,breed_group|clinical_signs_weight_loss|chem_azotemia,DSH|0|1,4,3,1,0.25,1.2592592592592593,2.740740740740741,,DSH,,n_lt_5,,,,,,,0,,1,,,,,,,,,,
3_06538,24,breed_group|clinical_signs_weight_loss|chem_azotemia,DSH|1|0,30,9,21,0.7,9.444444444444445,20.555555555555557,,DSH,,,,,,,,,1,,0,,,,,,,,,,
3_06538,24,breed_group|clinical_signs_weight_loss|chem_azotemia,DSH|1|1,9,0,9,1.0,2.8333333333333335,6.166666666666667,,DSH,,,,,,,,,1,,1,,,,,,,,,,
3_06538,24,breed_group|clinical_signs_weight_loss|chem_azotemia,other|0|0,7,3,4,0.5714285714285714,2.2037037037037037,4.796296296296297,,other,,,,,,,,,0,,0,,,,,,,,,,
3_06538,24,breed_group|clinical_signs_weight_loss|chem_azotemia,other|0|1,1,0,1,1.0,0.3148148148148148,0.6851851851851852,,other,,n_lt_3,,,,,,,0,,1,,,,,,,,,,
3_06538,24,breed_group|clinical_signs_weight_loss|chem_azotemia,other|1|0,9,2,7,0.7777777777777778,2.8333333333333335,6.166666666666667,,other,,,,,,,,,1,,0,,,,,,,,,,
3_06538,24,breed_group|clinical_signs_weight_loss|chem_azotemia,other|1|1,1,1,0,0.0,0.3148148148148148,0.6851851851851852,,other,,n_lt_3,,,,,,,1,,1,,,,,,,,,,
3_02422,25,folate_high|breed_group|AUS_mesenteric_lymphadenopathy,0.0|DLH|0,4,0,4,1.0,1.2444444444444445,2.7555555555555555,,DLH,,n_lt_5,0.0,,,,,,,,,,,,0,,,,,,
3_02422,25,folate_high|breed_group|AUS_mesenteric_lymphadenopathy,0.0|DLH|1,1,0,1,1.0,0.3111111111111111,0.6888888888888889,,DLH,,n_lt_3,0.0,,,,,,,,,,,,1,,,,,,
3_02422,25,folate_high|breed_group|AUS_mesenteric_lymphadenopathy,0.0|DMH|0,4,2,2,0.5,1.2444444444444445,2.7555555555555555,,DMH,,n_lt_5,0.0,,,,,,,,,,,,0,,,,,,
3_02422,25,folate_high|breed_group|AUS_mesenteric_lymphadenopathy,0.0|DMH|1,2,1,1,0.5,0.6222222222222222,1.3777777777777778,,DMH,,n_lt_3,0.0,,,,,,,,,,,,1,,,,,,
3_02422,25,folate_high|breed_group|AUS_mesenteric_lymphadenopathy,0.0|DSH|0,21,8,13,0.6190476190476191,6.533333333333333,14.466666666666667,,DSH,,,0.0,,,,,,,,,,,,0,,,,,,
3_02422,25,folate_high|breed_group|AUS_mesenteric_lymphadenopathy,0.0|DSH|1,21,6,15,0.7142857142857143,6.533333333333333,14.466666666666667,,DSH,,,0.0,,,,,,,,,,,,1,,,,,,
3_02422,25,folate_high|breed_group|AUS_mesenteric_lymphadenopathy,0.0|other|0,3,1,2,0.6666666666666666,0.9333333333333333,2.066666666666667,,other,,n_lt_5,0.0,,,,,,,,,,,,0,,,,,,
3_02422,25,folate_high|breed_group|AUS_mesenteric_lymphadenopathy,0.0|other|1,3,2,1,0.3333333333333333,0.9333333333333333,2.066666666666667,,other,,n_lt_5,0.0,,,,,,,,,,,,1,,,,,,
3_02422,25,folate_high|breed_group|AUS_mesenteric_lymphadenopathy,1.0|DLH|0,2,2,0,0.0,0.6222222222222222,1.3777777777777778,,DLH,,n_lt_3,1.0,,,,,,,,,,,,0,,,,,,
3_02422,25,folate_high|breed_group|AUS_mesenteric_lymphadenopathy,1.0|DLH|1,2,0,2,1.0,0.6222222222222222,1.3777777777777778,,DLH,,n_lt_3,1.0,,,,,,,,,,,,1,,,,,,
3_02422,25,folate_high|breed_group|AUS_mesenteric_lymphadenopathy,1.0|DMH|0,1,1,0,0.0,0.3111111111111111,0.6888888888888889,,DMH,,n_lt_3,1.0,,,,,,,,,,,,0,,,,,,
3_02422,25,folate_high|breed_group|AUS_mesenteric_lymphadenopathy,1.0|DSH|0,8,1,7,0.875,2.488888888888889,5.511111111111111,,DSH,,,1.0,,,,,,,,,,,,0,,,,,,
3_02422,25,folate_high|breed_group|AUS_mesenteric_lymphadenopathy,1.0|DSH|1,9,1,8,0.8888888888888888,2.8,6.2,,DSH,,,1.0,,,,,,,,,,,,1,,,,,,
3_02422,25,folate_high|breed_group|AUS_mesenteric_lymphadenopathy,1.0|other|0,4,2,2,0.5,1.2444444444444445,2.7555555555555555,,other,,n_lt_5,1.0,,,,,,,,,,,,0,,,,,,
3_02422,25,folate_high|breed_group|AUS_mesenteric_lymphadenopathy,1.0|other|1,5,1,4,0.8,1.5555555555555556,3.4444444444444446,,other,,,1.0,,,,,,,,,,,,1,,,,,,
